訓練單位名稱,縣市別辦訓地,課程代碼,課程名稱,訓練時數,訓練人次,每人訓練費用,開訓日期,結訓日期
北訓電腦有限公司附設職業訓練中心,高雄市,156860,視覺化網頁與JS互動元件設計實務班,36,20,6840,20240819,20240930
北訓電腦有限公司附設職業訓練中心,高雄市,156861,Python與物聯網MicroPython應用實務班,42,20,8730,20240903,20241024
長榮大學,高雄市,156868,IoT感測控制及視覺分析開發班,36,20,8500,20240818,20240922
輔英科技大學,高雄市,156875,Python網路爬蟲與資料分析班,42,25,7960,20240907,20241019
新高市廣告代理業職業工會,高雄市,156884,混合雲端平台的廣告產業應用實務班,47,13,8910,20241203,20250109
精誠資訊股份有限公司附設職業訓練中心,高雄市,156892,Python資料處理實務班,36,25,6350,20240817,20240928
精誠資訊股份有限公司附設職業訓練中心,高雄市,156893,AI深度學習實務班,42,25,7200,20240820,20241008
精誠資訊股份有限公司附設職業訓練中心,高雄市,156894,Power BI商業智慧數據分析實務班,36,25,6350,20240910,20241024
國立高雄科技大學,高雄市,156898,零碳建築學士學分班,36,40,6830,20240914,20241019
國立高雄科技大學,高雄市,156902,零碳建築學士學分班,36,40,6830,20241026,20241130
國立高雄科技大學,高雄市,156903,西門子系列可程式控制學士學分班,42,40,8800,20241012,20241123
國立高雄科技大學,高雄市,156904,組織溫室氣體排放量查證學士學分班,36,30,8000,20240914,20241019
國立高雄科技大學,高雄市,156905,人工智慧影像處理應用碩士學分班,54,15,12000,20240817,20241012
國立高雄科技大學,高雄市,156906,三菱Q系列可程式控制進階學士學分班,42,25,8800,20240831,20241005
國立高雄科技大學,高雄市,156907,BIM REVIT建築工程審查報告書實務班,36,30,8800,20241006,20241103
國立高雄科技大學,高雄市,156908,Python程式設計與網路爬蟲學士學分班,36,30,8000,20240831,20241005
國立高雄科技大學,高雄市,156910,雷雕想像刻畫創意之智慧製造實作與應用學士學分班,36,20,8800,20240907,20241012
社團法人台灣產學研合作發展策進會,高雄市,156926,AI數位創新行銷班,35,20,6610,20240817,20240914
社團法人台灣產學研合作發展策進會,高雄市,156927,ASP.NET Core MVC資料庫應用程式開發實務班,42,25,7930,20240831,20241005
財團法人中國生產力中心附設高雄服務處,高雄市,156929,企業永續碳管理實務班,24,30,6000,20240907,20241019
社團法人台灣創造活動發展協會,高雄市,156938,Python影像辨識與生成式AI應用班,42,23,6930,20240817,20240928
社團法人台灣創造活動發展協會,高雄市,156939,AI邊緣運算無人機應用設計實務班,48,25,8640,20240818,20241006
社團法人台灣創造活動發展協會,高雄市,156940,Python大數據分析應用設計實務班,42,23,6930,20240907,20241019
高雄市太陽能設備裝修職業工會,高雄市,156948,光電儲能產業與產品永續管理實務班,49,25,7900,20240810,20240921
高雄市太陽能設備裝修職業工會,高雄市,156949,太陽光電案場開發班,49,20,9270,20240811,20240922
社團法人中華成人教育認證協會,高雄市,156973,ChatGPT與Line BOT智慧助手實務班,42,20,7890,20240804,20240908
社團法人中華成人教育認證協會,高雄市,156974,物聯網整合開發與影像辨識實務班,42,20,8880,20240905,20241212
社團法人中華成人教育認證協會,高雄市,156975,Python統計大數據分析應用班,42,20,7910,20240804,20240908
社團法人中華成人教育認證協會,高雄市,156976,AI與ChatGPT自動化工具實務運用班,42,20,7840,20240908,20241020
社團法人高雄市夢想城市發展協會,高雄市,156983,雲端與物聯網資訊安全實務應用班,42,21,7620,20240827,20241203
社團法人高雄市夢想城市發展協會,高雄市,156985,ESG永續策略管理人才培訓班,42,22,7840,20240907,20241012
南臺學校財團法人南臺科技大學,臺南市,156991,工業設計SolidWorks 3D繪圖實務班,54,25,7500,20240907,20241102
社團法人台南市資訊軟體協會,臺南市,156997,大數據資料自動化EXCEL VBA分析實務設計班,42,22,7950,20240824,20241005
崑山科技大學,臺南市,156998,三菱Q系列可程式進階班,56,25,10510,20241214,20250215
崑山科技大學,臺南市,157001,AI生成式LineBOT 智慧客服小幫手應用班,30,16,7520,20240929,20241027
崑山科技大學,臺南市,157003,React Native跨平台行動應用程式設計基礎實作班,30,15,7420,20240824,20240921
崑山科技大學,臺南市,157004,三菱Q系列可程式基礎A班,49,25,9560,20240831,20241012
淡江大學學校財團法人淡江大學,臺北市,157011,乙級廢(污)水處理專責人員學士學分班,74,35,18000,20240818,20240929
淡江大學學校財團法人淡江大學,臺北市,157017,創新經濟AI行銷數據分析與資料視覺化學士學分班,54,36,8910,20240905,20241119
社團法人中華企業資源交流協會,臺南市,157018,資安系統專業人才培訓班,30,24,5520,20240907,20241005
社團法人嘉義縣原住民多元永續發展協會,嘉義縣,157020,Python程式應用班,54,20,9500,20240824,20240921
訊亞企業股份有限公司附設職業訓練中心,臺南市,157044,商業大數據可視化AI智能分析班,54,22,8910,20240802,20241004
社團法人台灣產業人才培育協會,臺南市,157056,Python大數據分析與網路爬蟲實務班,42,25,7960,20250108,20250416
社團法人台灣產業人才培育協會,臺南市,157058,Solidworks智慧機構設計繪圖班,45,25,8530,20240924,20241114
社團法人中華民國珠寶金飾研究會,臺南市,157069,3D列印珠寶建模設計A班,47,25,11730,20240904,20241023
中國文化大學,臺北市,157072,AI人工智慧與自然語言應用班,42,30,7770,20240901,20241013
伽碩企業有限公司附設職業訓練中心,臺南市,157073,PLC三菱Q系列可程式控制班,47,20,8900,20240805,20240913
中國文化大學,臺北市,157074,應用AI打造智能高效行銷班,18,30,3330,20240907,20240921
伽碩企業有限公司附設職業訓練中心,臺南市,157089,生成式AI與Python社群營運實務班,45,20,8530,20240824,20241026
北訓資訊有限公司附設職業訓練中心,臺南市,157093,Python 網路爬蟲與資料視覺化設計進階班,45,15,8270,20240805,20240925
北訓資訊有限公司附設職業訓練中心,臺南市,157094,EXCEL VBA大數據分析邁向自動化實務班,42,15,7700,20240810,20241005
實踐大學,臺北市,157104,AWS雲計算之人工智慧與機器學習班,30,25,6230,20240903,20241112
實踐大學,臺北市,157106,AWS雲計算實務班,36,25,7480,20240905,20241128
實踐大學,臺北市,157120,GA數據分析與行銷決策實戰班,36,25,7480,20240817,20240928
銘傳大學,臺北市,157141,Kubernetes 企業 DevOps實戰班,42,25,7770,20240901,20241013
財團法人中國生產力中心附設台南服務處,臺南市,157148,ESG 導入實務A班,30,30,6000,20240824,20240928
財團法人中國生產力中心附設台南服務處,臺南市,157149,智動化PLC-FX5U與智慧型人機介面系統整合操作實務基礎班,36,15,13500,20240901,20240928
台北市商業會,臺北市,157163,企業運用手機導入AI工作應用實務班,24,30,4330,20240904,20241023
國立臺灣科技大學,臺北市,157168,碳盤查實務班,18,36,5460,20240817,20240831
臺南市總工業會,臺南市,157204,射出成型智慧製造與數位管理應用實務班,30,20,5690,20240824,20240921
臺南市總工業會,臺南市,157205,ESG永續發展碳盤查內部稽核人員訓練班,42,20,7960,20240907,20241012
中華民國全國商業總會,臺北市,157215,GA4網站大數據暨電子商務經營管理實務班,42,23,7950,20240820,20241008
中華民國全國商業總會,臺北市,157221,AI工具應用與電子商務經營實作班,24,23,4550,20240902,20240930
台北市電器商業同業公會,臺北市,157222,微控板IOT車隊管理整合平臺應用實務班,48,38,8200,20240907,20241109
台北市電器商業同業公會,臺北市,157224,Python進階實務應用班,48,38,7680,20240817,20241005
台北市電器商業同業公會,臺北市,157225,GitLab X DevOps應用實作班,48,36,7680,20240907,20241102
台北市電器商業同業公會,臺北市,157227,Python+Django網頁建置班,48,38,7680,20240901,20241027
全國勞工聯合總工會,臺北市,157241,VMware vSphere伺服器虛擬化進階實務班,47,22,8500,20240831,20241012
亞東學校財團法人亞東科技大學,新北市,157248,LabVIEW程式自動化整合應用班,54,12,9240,20240831,20240929
華梵大學,臺北市,157253,資訊安全風險與管理基礎班,54,30,8910,20240901,20241027
臺灣職能訓練產業工會,臺北市,157260,Python大數據金融股票期貨網路爬蟲資料分析實務班,54,30,8640,20240901,20241027
臺灣職能訓練產業工會,臺北市,157272,Python Line Bot機器人與資料庫整合實務班,45,30,8280,20240903,20241022
臺灣職能訓練產業工會,臺北市,157278,以Python融合AI ChatGPT打造Line Bot實務班,54,30,8910,20240831,20241012
社團法人中華勞動力職能發展協會,新北市,157288,Python程式設計與樹莓派(pico_w)物聯網運用實務班,54,30,8380,20240831,20241026
社團法人台灣產業人才培育協會,新北市,157297,電商數位廣告投放與數據應用實作班,36,30,5680,20240910,20241024
新北市美工編輯設計職業工會,臺北市,157302,iPAS初級物聯網應用工程師培訓班,54,22,8910,20240906,20241112
台灣機械業工會聯合會,新北市,157308,ChatGPT輔助EXCEL VBA網路爬蟲與圖表繪製班,42,25,7960,20250108,20250423
大臺北產職業聯合總工會,新北市,157314,LINE官方帳號行銷模組與Python機器人爬蟲應用實務班,60,26,9900,20241223,20250306
財團法人自強工業科學基金會,臺北市,157320,Python與大數據資料庫應用實務班,30,20,5670,20240901,20240929
財團法人自強工業科學基金會,臺北市,157323,車載感測器及汽車電子聯網關鍵技術應用班,30,20,5670,20240815,20241024
社團法人台灣公共職業訓練國際交流暨發展協會,臺中市,157340,ENMS能源管理訓練班,42,22,7930,20240813,20240926
彰化縣職業總工會,彰化縣,157350,企業淨零碳排基礎能力訓練班,24,20,4550,20240810,20240831
苗栗縣工業會,苗栗縣,157359,CNC電腦數值控制銑床專班,144,16,32070,20240804,20241201
朝陽科技大學,臺中市,157362,碳足跡評估與實作進階班,30,30,5800,20240907,20241005
社團法人中華樂活數位教育協會,新竹縣,157365,ESG永續行動與影響力系統化管理實務班,30,26,5400,20240805,20241111
財團法人中華民國電腦技能基金會,臺北市,157371,Excel、Python結合AIGC協作開發實務班,47,30,8600,20240831,20241019
逢甲大學,臺中市,157374,Excel VBA大數據分析應用班,42,25,7930,20240907,20241019
逢甲大學,臺中市,157375,Solidworks 3D電腦輔助設計實務班,54,25,9240,20240908,20241103
弘光科技大學,臺中市,157380,泰語商務經貿會話班,36,20,7120,20240831,20241123
弘光科技大學,臺中市,157381,商業越南語專業會話班,42,20,8040,20240908,20241201
財團法人鞋類暨運動休閒科技研發中心,臺中市,157384,袋包數位化技術應用與智慧化製程解析操作實務班,66,18,13400,20241027,20250104
財團法人鞋類暨運動休閒科技研發中心,臺中市,157385,製造業綠色工廠前期規劃及應用班,18,20,4770,20240817,20240907
財團法人鞋類暨運動休閒科技研發中心,臺中市,157386,智慧產線建置與自動化倉儲結合實務班,18,18,5250,20240907,20240915
財團法人鞋類暨運動休閒科技研發中心,臺中市,157387,職位能力評價設計ChatGPT實作班,24,18,6150,20240908,20240929
財團法人中國生產力中心附設中區服務處,臺中市,157391,Solid Edge 電腦輔助製圖研析班,54,15,10150,20240907,20241020
財團法人中國生產力中心附設中區服務處,臺中市,157392,SCARA工業機械手臂操作與應用班,18,16,3950,20240825,20240908
財團法人中國生產力中心附設中區服務處,臺中市,157393,PLC與感測器整合應用實務班,30,20,6850,20240815,20240919
財團法人中國生產力中心附設中區服務處,臺中市,157394,數位虛擬工廠與西門子PLC虛實整合控制實務班,54,20,11310,20240901,20241110
財團法人中國生產力中心附設中區服務處,臺中市,157397,Python深度學習與AIoT應用班,48,20,9920,20240928,20241130
財團法人中國生產力中心附設中區服務處,臺中市,157398,NX CAM多軸加工模擬訓練班,30,14,7550,20240907,20240921
財團法人中國生產力中心附設中區服務處,臺中市,157399,PLC智慧感測通訊結合MQTT應用實務班,54,20,10610,20240909,20241023
中原大學,桃園市,157410,溫室氣體盤查及報告書撰寫培訓班,24,30,4440,20240824,20240914
中原大學,桃園市,157411,Python網路爬蟲與大數據視覺化分析班,42,18,7950,20240829,20241205
中原大學,桃園市,157412,AutoCAD繪圖與3D列印建模班,42,18,7950,20240904,20241204
中原大學,桃園市,157413,SolidWorks繪圖與3D列印實務班,42,18,7950,20240907,20241019
中原大學,桃園市,157414,Python與AI大型語言模型開發班,42,18,7950,20240908,20241020
健行學校財團法人健行科技大學,桃園市,157435,產業導入Mastercam2D銑床高速加工編程實務班,54,19,10510,20240818,20241006
社團法人中華民國數位科技推廣協會,臺中市,157439,電商網頁人才培訓班,42,25,7380,20240826,20241009
健行學校財團法人健行科技大學,桃園市,157449,人工智慧TensorFlow影像辨識開發實務班,42,20,7470,20240818,20240929
健行學校財團法人健行科技大學,桃園市,157450,Linux樹莓派物聯網IoT數位家庭智慧城市科技實務班,42,19,10540,20240824,20241005
社團法人台灣新興產業人才培育協會,桃園市,157459,新南向商務越語會話班,45,19,8530,20240907,20241026
財團法人元智大學,桃園市,157463,UX-PM 使用者體驗與企業專案規劃班,42,25,7090,20240824,20240928
財團法人元智大學,桃園市,157464,溫室氣體盤查內部查證人員實務培訓班,18,35,3060,20240824,20240907
社團法人台灣創造活動發展協會,桃園市,157466,3D列印設計與成品製造班,54,20,9680,20240825,20241020
社團法人台灣創造活動發展協會,桃園市,157467,SolidWorks機械設計訓練班,54,23,8910,20240817,20241012
財團法人自強工業科學基金會,新竹市,157469,ISO 13485醫療器材品質管理系統內部稽核及文件管制人員實務班,30,22,5690,20240901,20240929
桃園市工業會,桃園市,157485,CNC電腦數值控制銑床專班,144,16,31250,20240817,20241201
桃園市工業會,桃園市,157488,數位製造企業資源規劃(ERP)實務班,30,20,5660,20241102,20241130
桃園市工業會,桃園市,157490,Excel資料分析與Power BI大數據資料庫應用班,36,20,5940,20240819,20240930
桃園市工業會,桃園市,157493,泰國勞動法、社保法與個人所得稅法解析實務訓練班,18,20,3400,20240817,20240831
社團法人新竹市職訓教育協會,新竹市,157494,視窗GUI專案Python程式設計班,45,20,8500,20240904,20241007
社團法人新竹市職訓教育協會,新竹市,157499,無線控制與Arduino微控制器整合應用訓練班,45,20,8900,20241210,20250204
社團法人新竹市職訓教育協會,新竹市,157500,智慧自動化與邏輯電路設計應用班,45,20,8900,20240921,20241116
社團法人新竹市職訓教育協會,新竹市,157504,Python機器學習應用設計訓練班,45,20,8500,20240907,20241109
社團法人新竹市職訓教育協會,新竹市,157507,SolidWorks智能組件(CAE應用與VBA巨集程式)設計班,45,20,8500,20240901,20241103
社團法人台灣創造活動發展協會,臺中市,157519,3D列印設計與成品製造班,54,20,9680,20240907,20241102
社團法人台灣創造活動發展協會,臺中市,157520,翱翔天際：無人機飛行訓練班,54,24,10410,20240908,20241103
社團法人新竹市職訓教育協會,新竹市,157522,SolidWorks 3D製圖塑膠模具設計班,45,20,8500,20240810,20241005
東海大學,臺中市,157523,Python 網路爬文與數據處理AI應用班,48,25,7900,20240825,20241013
社團法人中華樂活數位教育協會,臺中市,157526,Python與ChatGpt網路爬蟲實務班,30,26,5420,20240911,20241011
社團法人新竹市職訓教育協會,新竹市,157528,SolidWorks設計製圖與3D列印模型製造班,45,20,8900,20240827,20241029
社團法人新竹市職訓教育協會,新竹市,157529,SolidWorks智能機械參數設計人才培訓班,45,20,8500,20241129,20250103
國立暨南國際大學,臺中市,157531,從零開始的自媒體數位經濟經營管理與大數據分析班,32,22,6400,20241214,20241217
國立暨南國際大學,臺中市,157532,從業人員的自媒體數位經濟經營管理與大數據分析班,32,22,6400,20250111,20250114
國立暨南國際大學,臺中市,157533,從業人員的自媒體流量內容創作班,32,22,6400,20250308,20250311
臺灣總工會,臺中市,157537,資通安全管理系統建置實務班,48,20,48000,20240830,20241004
社團法人中華民國不動產包租代管房東房客教育訓練協會,臺南市,157590,不動產經紀人專業A班,112,14,18480,20240814,20241113
中華民國不動產代銷經紀商業同業公會全國聯合會,臺南市,157592,民法與信託法專業訓練班,47,18,8600,20240818,20241006
社團法人台南市不動產經紀人員協會,臺南市,157594,土地法暨土地稅法訓練班,54,18,8900,20240822,20241016
社團法人台南市不動產經紀人員協會,臺南市,157595,國土計畫法應用實務班,30,18,5500,20240906,20241115
社團法人台灣多元訓練推廣協會,嘉義市,157597,複合媒材泥塑傢飾藝品班,49,20,9740,20240817,20240928
社團法人台灣多元訓練推廣協會,嘉義市,157598,糖霜餅乾造型創作班,49,20,9870,20240907,20241019
社團法人台灣物業管理產業協會,臺南市,157604,室內裝修工程與品質檢驗管理專業人才培訓班,69,20,11380,20240826,20241016
社團法人臺南市新東民俗文化發展協會,臺南市,157612,農業園藝植栽班,54,22,8680,20240907,20241109
社團法人臺南市體育運動舞蹈協會,臺南市,157614,拉丁恰恰及華爾滋舞蹈培訓班,54,22,8680,20240908,20241103
社團法人臺南市體育運動舞蹈協會,臺南市,157615,拉丁舞蹈訓練班,54,22,8680,20240819,20241216
社團法人臺南市體育運動舞蹈協會,臺南市,157616,摩登舞蹈訓練班,54,22,8680,20240820,20241217
社團法人臺灣養生創意美食發展協會,嘉義縣,157617,農產加工加值班,90,25,18560,20240821,20241127
財團法人中國生產力中心附設南雲服務處,雲林縣,157619,職業衛生管理師59小時抵充訓練班,59,20,9730,20240906,20241006
財團法人中國生產力中心附設南雲服務處,雲林縣,157620,職場Excel函數活用效率提升班,36,18,6830,20240907,20241026
嘉義市餐飲業職業工會附設職業訓練中心,嘉義市,157621,星級饗宴歐洲鄉村料理訓練班,66,30,13610,20240821,20241009
台南市文化創意美學職業工會,臺南市,157624,文創門市Line@、ChatGPT 與短影音入門班,54,24,8600,20240904,20241030
嘉義市職業總工會,嘉義市,157627,幸福烘焙訓練班,60,30,12370,20240820,20241031
嘉義市職業總工會,嘉義市,157628,現代生活手作花藝訓練班,63,30,14030,20240827,20241108
臺南市月嫂服務人員職業工會,臺南市,157629,產後修復及按摩實務班,42,22,7930,20240818,20240929
臺南市月嫂服務人員職業工會,臺南市,157630,嬰幼兒專業照護實務班,35,24,6800,20240901,20240921
臺南市園藝花卉產業工會,臺南市,157632,花藝設計班,47,25,12020,20240828,20241211
社團法人台南市復健青年勵進會,臺南市,157635,簡約皮件製版應用班,72,26,15990,20240907,20241130
社團法人台南市復健青年勵進會,臺南市,157636,實用生活皮件手作班,72,26,15990,20240910,20241203
中華民國經絡鬆筋整體健康協會,臺南市,157638,經絡調理手技與牛角輔具應用課程班,97,20,16790,20240901,20241208
中華民國經絡鬆筋整體健康協會,臺南市,157639,傳統整復推拿技術員手法課程班,110,20,19020,20240907,20241214
大台南指甲彩繪美容職業工會,臺南市,157641,沙龍凝膠美甲實務班,84,20,19400,20240907,20241130
台灣省工礦安全衛生技師公會附設台南職業訓練中心,臺南市,157642,職業安全衛生管理員訓練班,115,25,14500,20240819,20240930
中華民國港口總工會,臺南市,157648,營業用動力小船駕駛訓練班,96,23,18100,20240906,20241006
吳鳳學校財團法人吳鳳科技大學,嘉義縣,157649,淨零碳規劃管理人員訓練A班,32,25,4600,20240907,20240915
台南市各業工人聯合會,臺南市,157651,皮雕創意工藝初階班,66,30,13300,20240824,20241109
台南市各業工人聯合會,臺南市,157652,皮雕創意工藝進階班,66,30,13300,20240825,20241117
北訓資訊有限公司附設職業訓練中心,臺南市,157657,Python語言程式設計班,45,15,8320,20240827,20241022
北訓資訊有限公司附設職業訓練中心,臺南市,157658,Python操作試算表自動化處理班,45,15,8320,20240906,20241220
社團法人中華國際文創交流協會,臺南市,157668,實用日本語會話訓練班,42,24,7960,20240907,20241207
中國勞工安全衛生管理學會附設南科職業訓練中心,臺南市,157671,甲種職業安全衛生業務主管D班,42,40,6930,20240820,20240905
社團法人中華整體造型技能培訓協會,臺南市,157673,整體美髮實務班,105,24,21970,20240902,20241216
社團法人中華整體造型技能培訓協會,臺南市,157674,整體美髮造型實務班,77,25,17700,20240905,20241114
社團法人台南市珠寶金飾學術研究會,嘉義市,157676,天然寶石飾品設計實作班,47,25,11970,20240902,20241021
中華民國勞動災害防止協會附設嘉義職業訓練中心,嘉義市,157681,三公噸以上固定式起重機操作訓練C班,38,15,7000,20240824,20240901
宏大事業股份有限公司附設職業訓練中心,臺南市,157687,不動產經紀人法規訓練班,78,24,12870,20240815,20241114
宏大事業股份有限公司附設職業訓練中心,臺南市,157688,就業服務人力仲介及管理A班,30,24,5670,20240820,20241029
宏大事業股份有限公司附設職業訓練中心,臺南市,157689,建築經營自地自建管理班,45,25,8530,20240909,20241031
社團法人臺南市終身學習推廣教育協會,臺南市,157693,影音創作剪輯實戰班,45,25,8530,20240910,20241224
社團法人中華巨倫人才培訓協會,臺南市,157700,西班牙語入門班,47,18,8910,20240904,20241218
文藻學校財團法人文藻外語大學,臺南市,157703,實用日語會話假日班,45,16,5700,20240831,20241221
社團法人中華民國不動產教育平台訓練協會,臺南市,157714,地政士專業班,136,16,22440,20240907,20241228
社團法人中華民國勞工志願服務協會,臺南市,157716,節慶氣球佈置實務班,47,16,12020,20240831,20241026
社團法人中華民國勞工志願服務協會,臺南市,157717,Google雲端行動辦公室班,24,12,4550,20240907,20240928
國立臺南大學,臺南市,157719,越南語進階V1班,45,15,6000,20240907,20241228
社團法人中華國際企業培訓師協會,臺南市,157722,會計入門實務班,30,22,5670,20240817,20240921
社團法人中華國際企業培訓師協會,臺南市,157723,預算入門實務班,30,22,5670,20240818,20240922
社團法人中華勞動力職能發展協會,臺南市,157727,領隊導遊人員實務班,36,20,6730,20240831,20241005
雲林縣不動產仲介經紀商業同業公會,雲林縣,157728,共有不動產處分實務班,30,20,5500,20240905,20241003
臺南市電腦商業同業公會,臺南市,157731,文創設計電腦應用班,45,20,8370,20240909,20241030
社團法人中華藝能文創協會,臺南市,157733,手機拍攝技巧應用班,30,18,5500,20240905,20241114
社團法人台南市勞工志願服務協會,臺南市,157736,花藝空間設計班,47,30,12020,20240823,20241220
社團法人台南市勞工志願服務協會,臺南市,157737,竹編花藝設計班,47,16,11580,20240825,20241027
社團法人中華技職教育推廣協會,嘉義市,157739,手機攝影美圖編修班,45,20,9000,20240904,20241028
樹德科技大學,臺南市,157744,室內裝修工程管理實務班,72,22,16030,20240817,20241102
樹德科技大學,臺南市,157745,米麥點心與韓式豆沙裱花技法班,54,22,10690,20240908,20241117
社團法人雲林縣技職教育訓練鑑定發展協會,雲林縣,157749,樂齡長照據點健康促進活動人才培訓進階班,66,29,11200,20240818,20241027
社團法人臺南市勞工領袖協進會,臺南市,157753,內部講師班,54,16,8910,20240818,20241027
社團法人臺南市勞工領袖協進會,臺南市,157754,從古老經典易經出發學習現代溝通管理班,47,12,8910,20240826,20241021
財團法人成大研究發展基金會,臺南市,157756,心智圖法職場應用與思維邏輯訓練班,28,24,5560,20240810,20240831
財團法人成大研究發展基金會,臺南市,157757,投資工具與金融商品操作實務班,35,23,6640,20240901,20240929
財團法人成大研究發展基金會,臺南市,157758,專案管理人員培訓班,42,21,7960,20240907,20241012
國立嘉義大學,嘉義市,157767,臺灣咖啡產製銷技術實務基礎班,77,25,11400,20240803,20241019
國立嘉義大學,嘉義市,157769,基礎木工板類家具訓練班,98,25,15400,20240824,20241110
社團法人中華民國瑜伽舞蹈養生協會,嘉義市,157773,肚皮舞人才訓練班,24,20,4630,20240902,20241118
臺南市總工業會,臺南市,157774,職場多益英文提升班,36,20,6830,20240901,20241013
社團法人中華民國瑜伽舞蹈養生協會,嘉義市,157775,寶萊塢有氧舞蹈訓練班,36,20,6620,20240904,20241120
社團法人中華民國瑜伽舞蹈養生協會,嘉義市,157777,瑜珈教學人員應用實務班,60,20,9600,20240907,20241109
社團法人中華成人教育認證協會,臺南市,157783,多益單字文法及閱讀培訓班,36,24,6340,20240911,20241127
社團法人中華專業技能交流協會,雲林縣,157784,翻玩咖啡與輕食烘焙班,70,28,14400,20240901,20241103
社團法人中華藝術美學協會,臺南市,157788,綠色療癒植物景觀設計班,36,21,8880,20240831,20241005
大台南西餐服務人員職業工會,臺南市,157791,多國美食實務班,64,20,13200,20240903,20241031
社團法人台灣產訓技能推廣協會,嘉義市,157793,植萃淨膚保養品與手工皂實作班,36,18,8700,20240820,20241001
社團法人台灣產訓技能推廣協會,嘉義市,157794,職人咖啡烘焙與手沖技巧實作班,42,20,9000,20240824,20241005
社團法人台灣產訓技能推廣協會,嘉義市,157795,企業內部講師培訓班,30,18,5680,20240827,20241003
台南市人體彩繪從業人員職業工會,臺南市,157800,創意美髮彩繪班,47,26,12480,20240825,20241027
社團法人台灣創造活動發展協會,臺南市,157801,AutoCAD電腦輔助機械製圖A班,54,23,8910,20240901,20241027
雲林縣美睫眉藝造型職業工會,雲林縣,157804,多元行動美業網路行銷班,66,25,11400,20240905,20241121
社團法人嘉義市咖啡飲料調製餐旅文創協會,嘉義市,157806,現代下午茶創意烘焙點心實務訓練班,60,30,8640,20240818,20241020
社團法人臺南市敦親睦鄰關懷協會,臺南市,157812,手語多元技能培力實務班,45,20,8530,20240903,20241217
社團法人臺南市敦親睦鄰關懷協會,臺南市,157813,居家收納整理培力實務A班,45,25,8530,20240921,20241109
社團法人台灣智能防災工程安全衛生管理職能發展協會,臺南市,157818,ESG與碳盤查內部查證人員訓練班,42,25,7960,20240813,20241126
社團法人中華職訓教育發展協會,臺南市,157821,匠心皮藝手作班,108,22,24050,20240830,20241227
社團法人中華職訓教育發展協會,臺南市,157822,異國美食巡禮烹飪班,102,20,21030,20240831,20241221
社團法人中華攝影師技能教育協會,臺南市,157824,手機動態錄影YOUTUBER社群影音製作班,42,25,7960,20240818,20240929
社團法人台灣藝術教育發展協會,臺南市,157827,Photoshop影像後製合成設計班,42,24,7960,20240817,20241116
社團法人台灣藝術教育發展協會,臺南市,157828,Illustrator商業平面設計班,42,24,7960,20240908,20241013
社團法人台灣產業職能發展協會,臺南市,157830,CANVA質感設計班,18,20,3400,20240904,20240920
社團法人台灣產業職能發展協會,臺南市,157831,AI啟動文書自動化班,18,20,3400,20240905,20240926
財團法人台南勞資事務基金會,臺南市,157838,人資有效支持ESG運作實務班,36,24,6590,20240817,20240928
社團法人雲林縣婦女新知協會,雲林縣,157849,和風時尚拼布製作實務班,84,28,18700,20240818,20241117
社團法人雲林縣婦女新知協會,雲林縣,157850,咖啡飲調暨日嚐點心製作班,84,26,16600,20240829,20241205
社團法人雲林縣婦女新知協會,雲林縣,157851,多肉觀葉植栽暨植物精油皂製作班,78,24,17370,20240831,20241123
中華民國髮藝美容造型技術指導員職業工會全國聯合會,臺南市,157854,傳統整復推拿實務班,127,24,21320,20240824,20241221
中華民國髮藝美容造型技術指導員職業工會全國聯合會,臺南市,157855,純淨妝皂手作班,102,22,22720,20240907,20241228
台南市男子理髮職業工會,臺南市,157857,男子快剪造型及頭皮養護班,91,20,20800,20240908,20241201
台南市總工會,臺南市,157858,皮件雕刻應用班,54,25,12020,20240826,20241007
台南市總工會,臺南市,157859,實作銀飾工藝進階班,47,20,12030,20240820,20241017
訊亞企業股份有限公司附設職業訓練中心,臺南市,157866,職場辦公室軟體與進階培訓班,63,23,10390,20240817,20241026
訊亞企業股份有限公司附設職業訓練中心,臺南市,157867,Q版文創商品美工與AI生成班,45,23,8500,20240822,20241014
嘉義縣製茶業職業工會,嘉義市,157873,茶葉產製銷的剖析與運用訓練班,60,28,12000,20240829,20240913
中華民國模板業總工會,嘉義市,157877,輕鬆學日語會話班,36,23,6830,20240817,20241102
嘉義市模板業職業工會,嘉義市,157879,AutoCAD建築製圖實務訓練班,45,26,8420,20240819,20240919
台南市美髮及美容美體業產業工會,臺南市,157880,專業美容護膚與基礎彩妝技能班,47,24,10800,20240815,20241004
嘉義市男子髮藝造型職業工會,嘉義市,157885,男女髮型快剪燙染造型設計班,96,22,22170,20240903,20241226
雲林縣商店售貨職業工會,雲林縣,157892,格子洋裝與平車格子織物應用班,60,24,13360,20240902,20241106
嘉義市經絡調理服務人員職業工會,嘉義市,157894,經絡調理按摩與牛角輔具運用班(平日班),66,20,7690,20240819,20241104
嘉義市經絡調理服務人員職業工會,嘉義市,157895,經絡調理按摩與牛角輔具運用班(假日班),66,20,7690,20240825,20241103
高雄市外燴飲食職業工會,高雄市,157902,中餐烹調實作班,104,30,21400,20240817,20240928
高雄市外燴飲食職業工會,高雄市,157903,異國料理製作班,100,25,20600,20240831,20241012
大台南美姿禮儀造型職業工會,臺南市,157908,婚禮會場佈置設計與從業人員服務禮儀班,78,26,17370,20240822,20241126
大台南美姿禮儀造型職業工會,臺南市,157909,美容與芳療保健實務班,75,26,17320,20240829,20241128
大台南美姿禮儀造型職業工會,臺南市,157910,室內展場空間設計班,75,26,16700,20240911,20241204
高雄市製粉加工職業工會,高雄市,157912,烘焙蛋糕麵包實作班,104,30,21400,20240824,20241005
高雄市製粉加工職業工會,高雄市,157913,經典烘焙蛋糕麵包班,100,25,20600,20240907,20241019
台南市理燙髮美容材料運送職業工會,臺南市,157925,彩妝工具與護膚應用班,91,25,20500,20241001,20241224
社團法人臺南市不動產教育發展研究協會,臺南市,157926,不動產經紀人土地法規實務班,36,25,6830,20240803,20240914
社團法人臺南市不動產教育發展研究協會,臺南市,157927,不動產經紀人民法實務班,36,24,6830,20240812,20241028
社團法人臺南市不動產教育發展研究協會,臺南市,157928,不動產經紀人土地稅法規實務班,24,25,4540,20240809,20240927
社團法人臺南市不動產教育發展研究協會,臺南市,157929,不動產經紀相關法規研析班,24,25,4540,20240903,20241029
社團法人中華亞洲智能健康促進協會,高雄市,157936,健身運動體適能實務班,30,20,5690,20240901,20240929
雲林縣幼兒托育職業工會,雲林縣,157937,坐月子服務人員訓練班,84,26,17320,20240824,20241109
雲林縣幼兒托育職業工會,雲林縣,157938,健康食力造型烘焙班,84,28,17300,20240831,20241116
雲林縣幼兒托育職業工會,雲林縣,157939,天然植萃精油入皂舒活班,84,26,18700,20240906,20241122
國立虎尾科技大學,雲林縣,157941,塑膠射出成型模流分析應用班,24,25,3300,20240824,20240914
社團法人屏東縣職能發展訓練協會,高雄市,157944,婚禮佈置與花飾小品設計班,78,25,16800,20240907,20241130
屏東縣花藝設計製作職業工會,屏東縣,157946,節慶花藝設計班,45,24,11500,20240813,20241126
屏東縣花藝設計製作職業工會,屏東縣,157947,花束與花卉創意設計班,45,24,11500,20240814,20241120
屏東縣花藝設計製作職業工會,屏東縣,157948,花束與花卉創意設計班,45,24,11500,20240819,20241202
屏東縣花藝設計製作職業工會,屏東縣,157949,花卉藝術設計班,78,19,17300,20240830,20241129
屏東縣花藝設計製作職業工會,屏東縣,157950,婚禮佈置與花飾小品設計班,78,19,17300,20240904,20241127
雲林縣美姿禮儀造型職業工會,雲林縣,157952,婚禮會場花藝佈置班,78,24,17370,20240827,20241126
雲林縣美姿禮儀造型職業工會,雲林縣,157953,花現美好囍愛花藝設計班,78,24,17370,20240828,20241127
嘉義市不動產仲介經紀商業同業公會,嘉義市,157954,不動產經紀人專業訓練班,126,20,16250,20240902,20241113
台灣機械業工會聯合會,臺南市,157955,日文初級班,36,25,6830,20240822,20241114
台灣機械業工會聯合會,臺南市,157956,越南語會話初級班,36,25,6830,20240904,20241120
台灣機械業工會聯合會,臺南市,157957,新多益能力提升班,36,25,6830,20240905,20241128
雲林縣婚禮設計服務人員職業工會,雲林縣,157960,陶囍香氛玩藝班,78,28,17370,20240824,20241123
雲林縣婚禮設計服務人員職業工會,雲林縣,157961,指尖浪漫凝膠美甲班,78,28,18000,20240905,20241205
中華藝能文創產業工會,高雄市,157963,手機拍攝技巧實務班,36,18,6300,20240906,20241122
嘉義縣不動產服務職業工會,嘉義市,157967,不動產買賣基礎實務班,45,24,7550,20240903,20241029
嘉義縣勞動力服務人員職業工會,嘉義縣,157970,午茶點心班,80,36,15840,20240825,20241124
嘉義縣勞動力服務人員職業工會,嘉義市,157972,木作技術人員訓練班,60,34,13360,20240907,20241109
雲林縣理燙髮美容職業工會,雲林縣,157981,精雕美甲凝膠創意設計班,84,28,19400,20240826,20241125
雲林縣理燙髮美容職業工會,雲林縣,157982,時尚髮藝染燙剪髮設計班,84,26,19350,20240827,20241203
雲林縣理燙髮美容職業工會,雲林縣,157983,芳香療法按摩保健養生班,78,28,18000,20240830,20241122
台東縣外燴服務人員職業工會,臺東縣,157984,中餐烹調訓練班,112,30,23050,20240902,20241105
社團法人台灣資產評估協會,高雄市,157991,買賣房屋評估與修繕工程實務班,39,18,7000,20240813,20241112
中華民國電腦商業同業公會全國聯合會,嘉義市,157996,手機拍出美感技巧實務班,42,24,7960,20240817,20240921
社團法人台灣多元性設計創作協會,高雄市,157999,AutoCAD電腦輔助機械製圖班,54,23,8910,20240824,20241019
財團法人鞋類暨運動休閒科技研發中心,高雄市,158000,皮件手工藝設計助理班,54,20,12020,20240818,20241013
財團法人鞋類暨運動休閒科技研發中心,高雄市,158002,皮件手工藝設計助理班,54,20,12020,20240824,20241019
南臺學校財團法人南臺科技大學,臺南市,158006,咖啡味覺探索與萃取科學班,30,25,6500,20240819,20241021
中華知識管理協會,臺南市,158011,人力資源管理與勞資爭議處理實務班,42,24,7960,20240817,20240921
雲林縣職業總工會,雲林縣,158013,創意拼布工藝應用班,84,26,18700,20240827,20241203
雲林縣職業總工會,雲林縣,158014,暮暮蒔花生活花藝班,84,28,18700,20240902,20241212
雲林縣職業總工會,雲林縣,158015,植感園藝綠活創作班,78,28,16730,20240908,20241208
社團法人中華民國南部科學園區產學協會,臺南市,158017,基礎主管核心培訓班,24,35,4550,20240817,20240907
社團法人嘉義縣聽語多重障礙福利協進會,嘉義縣,158025,居家清潔用品行銷技能班,60,25,10380,20240901,20241005
嘉義市髮藝美容造型技術指導員職業工會,嘉義市,158026,男子髮藝精剪燙染造型班,96,20,22170,20240822,20241212
社團法人臺南市心技能全齡學習推廣學會,臺南市,158028,日式點心暨伴手禮製作班,45,28,10000,20240819,20241125
社團法人臺南市心技能全齡學習推廣學會,臺南市,158029,新多益解題及閱讀訓練班,36,20,6750,20240902,20241118
群亞國際股份有限公司附設職業訓練中心,臺南市,158031,職場EXCEL實務應用班,45,20,8530,20240820,20241015
群亞國際股份有限公司附設職業訓練中心,臺南市,158032,稅務會計應用班,47,20,8900,20240824,20241012
群亞國際股份有限公司附設職業訓練中心,臺南市,158033,Canva AI 美編設計班,45,20,8530,20240908,20241027
社團法人臺南市生活美容發展協會,臺南市,158034,美體舒壓技能班,47,22,11780,20240812,20240916
嘉義縣工業會附設職業訓練中心,嘉義市,158048,吊升荷重在三公噸以上之固定式起重機操作人員安全衛生訓練班A班,38,20,7700,20240908,20241006
臺南市直轄市不動產代銷經紀商業同業公會,臺南市,158059,共有不動產處分與分割實務班,36,24,6830,20240813,20240924
臺南市就業服務商業同業公會,臺南市,158063,就業服務人力資源管理實務班,30,22,5600,20240831,20240928
臺南市不動產代銷經紀商業同業公會,臺南市,158064,不動產經紀人法規研析班,78,25,12870,20240813,20241112
臺南市直轄市電腦商業同業公會,臺南市,158066,職場 AI 工具運用班,30,21,5690,20240826,20241028
社團法人高雄市建築學會,高雄市,158072,都市更新與危老重建訓練實務案例解析班,24,15,4550,20240815,20241003
大台南勞動力服務人員職業工會,臺南市,158073,進階麵包烘焙實務班,64,20,13200,20240820,20241015
大台南芳薰香植物精油服務人員職業工會,臺南市,158075,精油經絡保健實務班,54,20,12300,20240907,20241102
嘉義市電腦商業同業公會,嘉義市,158079,ChatGPT及AI工具全攻略實務班,42,21,7950,20240824,20241005
台南市不動產經紀人職業工會,臺南市,158081,不動產經紀營業員進階訓練班,20,20,3680,20240812,20240826
台南市不動產經紀人職業工會,臺南市,158082,房地產買賣與稅務實務班,30,18,5500,20240902,20241104
台南市不動產經紀人職業工會,臺南市,158083,不動產經紀營業員進階訓練班,20,20,3680,20240909,20240923
社團法人高雄市慈恩教育文化協會,高雄市,158086,新AI影音創作與新媒體youtube頻道經營實務班,36,22,6770,20240823,20241108
社團法人高雄市慈恩教育文化協會,高雄市,158087,LINE@暨社群行銷策略實務班,36,22,6770,20240829,20241015
社團法人高雄市慈恩教育文化協會,高雄市,158088,數位行銷與社群媒體經營實務班,36,22,6770,20240831,20241005
社團法人高雄市慈恩教育文化協會,高雄市,158089,電子商務平台開店行銷經營實務班,36,22,6770,20240908,20241013
台南市運動場所服務職業工會,臺南市,158094,複合性有氧訓練實務班,30,20,5890,20240825,20240915
台南市運動場所服務職業工會,臺南市,158095,樂齡功能性實務班,24,20,4550,20240907,20240928
雲林縣拷克平車從業人員職業工會,雲林縣,158099,服飾製作班,52,20,10000,20240817,20241019
社團法人雲林縣勞工福利保護協會,雲林縣,158100,園藝盆栽培植班,54,25,11560,20240827,20241031
社團法人雲林縣勞工福利保護協會,雲林縣,158101,烙畫設計訓練進階班,42,24,10750,20240905,20241024
社團法人雲林縣勞工福利保護協會,雲林縣,158102,中西式烘焙技能班,78,25,15440,20240907,20241130
大台南園藝花卉業職業工會,臺南市,158104,自由花班,47,30,12020,20240822,20241219
大台南園藝花卉業職業工會,臺南市,158105,繞線原石水晶寶石UV班,47,25,12020,20240824,20241019
大台南園藝花卉業職業工會,臺南市,158106,職場簡報與美工應用班,54,18,8910,20240907,20241109
台南市時尚造型規劃設計職業工會,臺南市,158107,手工皂肌膚保養配方與造型設計實作班,47,25,10320,20240825,20241013
嘉義市芳療整體保養職業工會,嘉義市,158114,調香美膚保健應用班,72,30,15450,20240824,20241109
台南市指甲彩繪美容職業工會,臺南市,158117,手足保養沙龍凝膠美甲班,84,20,19400,20240901,20241201
台南市工業會,臺南市,158118,淨零碳規劃管理實務班,42,24,7900,20240909,20241028
高雄市推拿與民俗傳統療法職業工會,高雄市,158121,傳統整復推拿班,120,20,20500,20240826,20240920
社團法人台南市觀光協會,臺南市,158123,東南亞料理與港點製作班,84,30,13850,20240803,20241109
社團法人台南市觀光協會,臺南市,158124,立體雷雕設計與AI輔助實作班,60,22,10200,20240824,20241102
崑山科技大學,臺南市,158129,民法學士學分班,54,25,8910,20240904,20250108
崑山科技大學,臺南市,158130,實用旅遊日語班,42,25,6680,20240904,20241204
崑山科技大學,臺南市,158131,韓語基礎會話班,45,20,7020,20240905,20241219
實踐大學高雄校區,高雄市,158138,營所稅實務基礎應用班,24,17,3960,20240820,20241015
中華民國職業安全衛生協會附設高雄職業訓練中心,高雄市,158143,甲種職業安全衛生業務主管教育訓練班,42,31,5650,20240819,20240831
中華民國職業安全衛生協會附設高雄職業訓練中心,高雄市,158144,營造業甲種職業安全衛生業務主管教育訓練班,42,31,5650,20240909,20240924
屏東縣傳統推拿骨節整復師職業工會,高雄市,158152,傳統整復推拿基本手法應用班,56,22,9360,20240825,20241013
台灣省工礦安全衛生技師公會附設高雄職業訓練中心,高雄市,158154,職業安全衛生管理員訓練班,115,30,14500,20240819,20240930
社團法人屏東縣美食交流協會,屏東縣,158159,中餐烹調料理班,63,20,12990,20240818,20241006
財團法人成大研究發展基金會,高雄市,158162,手機ChatGPT個人秘書調教實作班,21,25,3970,20240817,20240831
財團法人成大研究發展基金會,高雄市,158163,企業財務報表解析與財務管理策略實務班,35,23,6640,20240901,20240929
社團法人嘉義市多元產業推廣協會,嘉義市,158166,創意特色烘焙點心飲品班,66,24,13250,20240821,20241106
社團法人嘉義市多元產業推廣協會,嘉義市,158167,藝術精油手工皂製作班,60,24,13000,20240829,20241112
高雄市不動產經紀人職業工會,高雄市,158172,不動產經紀營業員專業訓練班,20,23,3600,20240822,20240905
高雄市不動產經紀人職業工會,高雄市,158173,不動產經紀人專業訓練班,30,23,5070,20240911,20241002
大高雄總工會,高雄市,158174,美甲沙龍設計班,54,24,8800,20240831,20241026
社團法人台灣手工藝文創協會,高雄市,158176,冷製皂清潔實務班,47,20,12000,20240901,20241013
社團法人台灣手工藝文創協會,高雄市,158177,妝品配方設計班,45,20,11520,20240909,20241223
財團法人亞太綜合研究院,高雄市,158178,商用日語實務班,42,20,7800,20240902,20241209
財團法人亞太綜合研究院,高雄市,158179,職場生活英語會話班,42,20,7800,20240904,20241211
高雄市幼兒托育職業工會,高雄市,158180,育兒照顧技巧實務班,36,20,6950,20240810,20240907
高雄市幼兒托育職業工會,高雄市,158181,育兒照顧技巧實務班,36,20,6950,20240827,20240904
高雄市輔育人員職業工會,高雄市,158183,育兒照顧技能輔導班,30,20,5850,20240907,20241005
義守大學,高雄市,158186,觀光日文實務訓練班,45,25,8100,20240816,20241213
義守大學,高雄市,158187,記帳士專業初階訓練班,78,30,12870,20240817,20241109
義守大學,高雄市,158188,自行車維修初階班,36,20,7080,20240828,20241113
義守大學,高雄市,158189,自行車在地領騎培訓初階班,38,20,6840,20240904,20241127
財團法人中國生產力中心附設台南服務處,臺南市,158193,職業衛生管理師(抵充59小時)訓練班,59,30,9100,20240820,20240920
財團法人中國生產力中心附設台南服務處,臺南市,158194,職業安全管理師(抵充43小時)訓練班,43,30,7300,20240910,20241001
財團法人中國生產力中心附設台南服務處,臺南市,158195,職業安全衛生管理員訓練A班,115,40,11500,20240910,20241108
樹德科技大學,高雄市,158197,投資理財實務學士學分班,54,32,8910,20240827,20241029
社團法人臺南市芳療美容整體造型推廣學會,臺南市,158212,芳香精油能量應用人員培訓班,66,20,14780,20240901,20241110
社團法人臺南市芳療美容整體造型推廣學會,臺南市,158213,芳香精油調製實務班第01期,51,20,11700,20240903,20241231
社團法人臺南市芳療美容整體造型推廣學會,臺南市,158214,香草精油居家保健手作班,48,20,10900,20240911,20241225
社團法人中華企業資源交流協會,高雄市,158215,工業安全防火防爆與風險評估班,35,20,6300,20240817,20240907
社團法人高雄市企業管理交流協會,高雄市,158219,就業服務人員輔導班,42,20,7800,20240824,20241005
社團法人高雄市企業管理交流協會,高雄市,158220,Podcast聲音自媒體培訓班,30,25,5600,20240825,20240922
社團法人高雄市企業管理交流協會,高雄市,158221,勞動法規暨勞健保應用班,30,23,5400,20240903,20241008
社團法人台灣產業人才培育協會,高雄市,158223,理財商品規劃實務班,42,21,7960,20240817,20240928
大台南總工會,臺南市,158226,服裝打版與縫製班,47,25,12020,20240819,20241014
大台南總工會,臺南市,158227,珠寶編織設計班,47,20,12020,20240824,20241012
大台南總工會,臺南市,158228,蝶谷巴特捏塑班,47,25,12020,20240901,20241027
大台南花藝設計製作職業工會,臺南市,158232,歐式花藝創作班,47,25,12020,20240829,20241226
社團法人雲林縣新移民姊妹協會,雲林縣,158233,異國風味料理班,66,25,13000,20240825,20241103
社團法人中華民國不動產教育平台訓練協會,高雄市,158235,不動產經紀人民法及估價專業班,64,18,10560,20240827,20241022
台灣區冷凍空調工程工業同業公會,臺中市,158237,冷凍空調安裝及維修基礎班,96,30,15600,20240818,20240928
台中市總工會,臺中市,158241,手作機車包進階班,72,25,14500,20240810,20241102
台中市總工會,臺中市,158242,拼布實作進階班,54,25,10600,20240819,20241216
台中市總工會,臺中市,158243,日文進階V班,36,20,6700,20240904,20241127
台中市總工會,臺中市,158244,Office應用初階班,45,20,8000,20240909,20241216
弘光科技大學,臺中市,158249,日語N5基礎文法會話班,36,24,6080,20240831,20241012
弘光科技大學,臺中市,158250,不動產經紀人訓練班,48,26,7130,20240901,20241027
社團法人高雄市長榮大學校友會,高雄市,158260,不動產經紀人專業班,136,20,21130,20240904,20241225
臺南市總工業會附設職業訓練中心,臺南市,158263,急救人員安全衛生教育訓練A班,16,25,3180,20240820,20240822
臺南市總工業會附設職業訓練中心,臺南市,158264,職業安全衛生管理實務訓練班,42,20,7900,20240825,20240929
臺南市總工業會附設職業訓練中心,臺南市,158265,丙種職業安全衛生業務主管班,21,20,3980,20240827,20240829
高雄市人民團體聘僱人員職業工會,高雄市,158268,小型家電基礎維修班,30,24,7270,20240821,20241023
高雄市人民團體聘僱人員職業工會,高雄市,158269,數位攝影M模式實務應用班,45,20,8500,20240903,20241126
高雄市就業服務商業同業公會,高雄市,158271,就業服務與勞動法令輔導班,36,23,6800,20240908,20241013
社團法人台中市生活美學協會,臺中市,158274,實用基礎日語及會話應用班,42,20,7960,20240901,20241013
財團法人金屬工業研究發展中心,臺中市,158277,鋼鐵材料選材與技術應用班,36,24,6800,20240819,20240923
逢甲大學,臺中市,158281,Python程式設計基礎班,48,27,7920,20240907,20241026
臺中市飾品創作市集交流發展協會,臺中市,158284,皮雕多元創作手縫班,90,24,16300,20240908,20241229
中華民國勞動災害防止協會附設高雄職業訓練中心,高雄市,158286,甲種職業安全衛生業務主管教育訓練班,42,20,6600,20240817,20240901
中華民國勞動災害防止協會附設高雄職業訓練中心,高雄市,158287,隧道等襯砌作業主管教育訓練班,18,20,3400,20240827,20240905
社團法人台灣勞工大聯盟協會,屏東縣,158298,清潔皂品實務班,47,16,12000,20240831,20241116
社團法人台灣勞工大聯盟協會,屏東縣,158299,AI應用與數位行銷班,39,14,7400,20240905,20241205
社團法人屏東縣終身學習大學教育推廣協會,屏東縣,158301,實用面相學基礎班,30,14,5690,20240819,20241021
社團法人屏東縣終身學習大學教育推廣協會,屏東縣,158302,水塔清洗基礎班,30,12,7500,20240820,20241029
社團法人屏東縣終身學習大學教育推廣協會,屏東縣,158303,犬貓寵物照護基礎班,47,16,9350,20240831,20241116
屏東縣產職業聯合總工會,屏東縣,158308,手機攝影技巧實務班,39,14,7400,20240816,20241108
屏東縣產職業聯合總工會,屏東縣,158309,傢飾彩繪實務班,47,12,12000,20240824,20241109
屏東縣產職業聯合總工會,屏東縣,158310,芳療舒壓保健實作班,45,12,11950,20240828,20241204
屏東縣產職業聯合總工會,屏東縣,158311,芳療舒壓按摩實作班,45,12,11950,20240904,20241211
社團法人高雄市資訊培育協會,高雄市,158327,Excel商用範例實作班,30,22,5680,20240820,20240924
社團法人高雄市資訊培育協會,高雄市,158328,AutoCAD電腦輔助製圖設計實務班,45,21,8520,20240821,20241009
屏東縣青草藥製造職業工會,屏東縣,158331,青草藥運用調製班,45,25,11050,20240822,20241205
屏東縣青草藥製造職業工會,屏東縣,158332,青草藥保健實務班,47,16,11520,20240901,20241020
高雄市爭議調處人員職業工會,高雄市,158336,爭議調處與衝突管理班,36,25,6300,20240825,20240929
國立屏東科技大學,屏東縣,158340,勞動法令應用實務班,30,15,5640,20240824,20240921
國立屏東科技大學,屏東縣,158341,觀光與商務日語會話班,30,15,5640,20240902,20241209
國立高雄大學,高雄市,158342,商用基礎日語會話班,33,20,3750,20240904,20241113
國立高雄大學,高雄市,158343,職場與社交實用英文班,33,20,3750,20240904,20241113
社團法人台灣省安全衛生教育協會附設高雄職業訓練中心,高雄市,158345,有機溶劑作業主管訓練班,18,20,3150,20240820,20240827
社團法人台灣省安全衛生教育協會附設高雄職業訓練中心,高雄市,158346,甲種職業安全衛生業務主管訓練班,42,20,7560,20240907,20240922
社團法人中華巨倫人才培訓協會,臺中市,158351,西班牙語初級班,47,18,8910,20240902,20241216
高雄市職能培訓作業人員職業工會,高雄市,158367,手機拍攝技巧與APP後製應用班,36,20,6800,20240823,20240927
高雄西餐服務人員職業工會,高雄市,158369,中西複合烘焙點心製作班,81,30,16700,20240909,20241209
高雄麵食製作職業工會,高雄市,158373,手製烘焙麵包餅乾班,80,30,16500,20240831,20241102
社團法人台灣物業管理產業協會,高雄市,158377,房屋點交檢測實務班,63,20,10390,20240907,20241019
嘉義縣工業會,嘉義市,158381,人資勞動法令實務應用訓練班,35,25,6600,20240907,20241012
彰化縣農產品運送工職業工會,彰化縣,158382,財務會計實務班,28,25,5000,20240907,20241005
社團法人臺灣共融協會,高雄市,158388,整理諮詢服務培訓班,42,20,8290,20240826,20241125
正修學校財團法人正修科技大學,高雄市,158393,精緻西點蛋糕實務班,64,24,12950,20240818,20241013
台南市不動產服務職業工會,臺南市,158395,不動產經紀人專業訓練進階班,81,23,13360,20240830,20241104
台南市不動產服務職業工會,臺南市,158396,不動產經紀營業員資格取得專業訓練班,30,23,5600,20240903,20240919
台南市不動產服務職業工會,臺南市,158397,稅法及平均地權實務班,20,22,3700,20240904,20240927
台灣勞動教育產業工會,高雄市,158400,手工香皂與香氛應用班,54,25,10660,20240820,20241024
社團法人中華民國拼布藝術發展協會,高雄市,158405,布藝創作人才培訓班,54,20,9350,20240824,20241026
嘉義縣總工會,嘉義縣,158409,傢俱彩繪畫作設計A班,60,27,13300,20240812,20240827
嘉義縣總工會,嘉義市,158410,傢俱彩繪畫作設計B班,60,27,13300,20240909,20240925
社團法人台灣書畫美術文化交流協會,高雄市,158415,黏土微型花藝裝飾藝術班,36,18,7940,20240903,20241126
嘉義縣手工藝製品業職業工會,嘉義市,158420,手縫拼布實作班,78,30,17080,20240907,20241130
嘉義縣小吃業職業工會,嘉義市,158421,人氣綜合烘焙點心訓練班,75,30,15460,20240812,20241009
社團法人臺中市快樂果長期照顧服務發展協會,臺中市,158423,居家式長照機構評鑑實務管理班,16,20,2870,20240831,20240901
嘉義市總工會,嘉義市,158430,創意流行包款製作訓練班,60,30,13250,20240817,20241019
嘉義市總工會,嘉義市,158432,創意點心手作烘焙訓練班,60,27,12350,20240818,20241020
嘉義市總工會,嘉義市,158433,園藝植栽訓練班,54,30,11580,20240821,20241016
嘉義市總工會,嘉義市,158434,流行服裝打版訓練班,54,27,12000,20240904,20241030
嘉義市總工會,嘉義市,158435,時尚布藝商品創意設計班,60,30,13250,20240910,20241119
台灣觀光餐旅產業工會,高雄市,158436,特色咖啡烘焙與感官杯測進階班,60,25,10300,20240811,20241013
台灣觀光餐旅產業工會,高雄市,158437,高階烘焙及世界主流市場應用咖啡班,60,25,10900,20240824,20241026
社團法人中華民國居家用品創意翻新協會,高雄市,158439,旗袍製作修改班,91,20,16250,20240907,20241130
新高雄總工會,高雄市,158444,組織型碳盤查班,42,25,6700,20240821,20241004
新高雄總工會,高雄市,158445,台灣特色商品彩繪創作班,48,20,10160,20240824,20241012
新高雄總工會,高雄市,158446,植物染與精油實作班,54,25,11100,20240825,20241020
台南市木工業職業工會,臺南市,158453,CAD室設繪圖實務班,47,25,8900,20240816,20240923
嘉義市工商服務職業工會,嘉義市,158455,3D凝膠創意設計訓練班,60,30,13860,20240817,20241019
嘉義市工商服務職業工會,嘉義市,158456,創意生活木質家具訓練班,60,29,13360,20240826,20241028
嘉義市工商服務職業工會,嘉義市,158457,在地植物環保手工皂訓練班,54,27,12020,20240905,20241107
社團法人高雄市新移民多元文化促進協會,高雄市,158460,泰國語基礎班,36,18,6500,20240829,20241121
社團法人高雄市新移民多元文化促進協會,高雄市,158461,手機攝影與短影音製作班,45,16,8320,20240904,20241113
長榮大學,高雄市,158463,多益英文單字解析班,36,24,6600,20240827,20241009
長榮大學,高雄市,158464,職業安全衛生管理技能實務班,36,20,6800,20240907,20241012
高雄市不動產服務業職業工會,高雄市,158468,不動產營業員進階班,21,28,3200,20240910,20240912
嘉義市冰果冷飲服務職業工會,嘉義市,158471,天然蔬果3D藝術果凍花訓練班,75,30,15460,20240820,20241126
嘉義市冰果冷飲服務職業工會,嘉義市,158472,天然蔬果3D創意果凍花訓練班,60,30,12370,20240905,20241114
高雄市現代美容養生學研究學會,高雄市,158476,美容技能專修班,105,20,24250,20240822,20241205
高雄市現代美容養生學研究學會,高雄市,158477,經絡芳香養生保健班,92,20,21250,20240911,20241211
社團法人台灣社區活化協會,高雄市,158478,手沖咖啡萃取品評與拉花實作班,45,24,8360,20240909,20241031
中華知識管理協會,高雄市,158480,協商與溝通談判實務班,28,23,5310,20240907,20240928
中華壓力容器協會附設台南職業訓練中心,臺南市,158486,倉儲裝卸作業堆高機操作人員D班,26,25,3860,20240821,20240825
中華壓力容器協會附設台南職業訓練中心,臺南市,158487,倉儲裝卸作業堆高機操作人員E班,26,25,3860,20240911,20240915
雲林縣工業會,雲林縣,158489,新創事業經營租稅申報與稅務管理實務班,45,26,7530,20240903,20241203
社團法人中華民國腳底按摩協會,彰化縣,158492,撥筋與太極推拿運用訓練班,30,20,5240,20240907,20241005
財團法人中華航業人員訓練中心,臺南市,158494,營業用動力小船駕駛訓練班,96,23,18100,20240826,20240915
屏東縣推拿與民俗傳統療法服務業職業工會,屏東縣,158495,傳統整復推拿技術員課程班,144,21,24400,20240825,20241027
大高雄人體彩繪從業人員職業工會,高雄市,158497,多元派對眼部人體彩繪班,84,18,19400,20240901,20241117
大高雄女子燙髮職業工會,高雄市,158499,時尚髮藝進階班,91,20,20930,20240817,20241116
大高雄女子燙髮職業工會,高雄市,158500,時尚髮藝進階班,91,20,20930,20240818,20241117
大高雄傳統整復員職業工會,高雄市,158501,傳統整復推拿技術員培訓課程班,144,12,24900,20240814,20241010
大高雄傳統整復員職業工會,高雄市,158502,日常紓壓按摩保健班,24,16,4700,20240817,20240825
大高雄傳統整復員職業工會,臺東縣,158503,日常紓壓按摩保健班,24,14,4700,20240824,20240901
大高雄傳統整復員職業工會,高雄市,158504,運動按摩保健班,36,16,7000,20240827,20241008
大高雄傳統整復員職業工會,高雄市,158505,傳統整復推拿刮痧拔罐與實務職能訓練班,72,16,12400,20240831,20240929
台灣傳統整復推拿產業工會,高雄市,158511,傳統整復推拿調理職能訓練班,112,26,19400,20240803,20240915
屏東縣各業勞動力就業推廣協會,屏東縣,158516,腳底按摩調理進階班,64,26,11050,20240804,20240824
社團法人中華成人教育認證協會,高雄市,158518,多益單字文法及閱讀培訓班,36,24,6410,20240903,20241126
社團法人中華成人教育認證協會,高雄市,158519,Excel職場函數與自動化處理應用班,36,24,6410,20240911,20241127
社團法人高雄市夢想城市發展協會,高雄市,158524,Photoshop數位影像與AI工具應用班,35,22,6400,20240907,20241005
社團法人高雄市職業訓練創新發展協會,高雄市,158528,職場人際關係與溝通表達實戰班,42,18,7800,20240907,20241012
美和學校財團法人美和科技大學,屏東縣,158532,基礎室內配線技術培訓班,56,25,9200,20240903,20241113
高雄市新娘秘書從業人員職業工會,高雄市,158535,美業品牌行銷網路經營班,24,20,3960,20240822,20240912
高雄市新娘秘書從業人員職業工會,高雄市,158536,專業新娘彩妝班,24,20,5360,20240902,20240923
高雄市新娘秘書從業人員職業工會,高雄市,158537,永生花婚禮配飾應用設計班,24,20,5280,20240903,20241001
高雄市總工業會,高雄市,158540,皮件設計與打版實作班,54,20,12000,20240824,20241026
高雄市總工業會,高雄市,158541,服裝修改製作實務班,54,20,12000,20240901,20241027
高雄縣美姿禮儀造型職業工會,高雄市,158544,客製化形象塑造培訓班,77,18,17500,20240901,20241110
澎湖縣指甲彩繪美容職業工會,高雄市,158547,人工延甲凝膠雕花創意設計班,105,20,24250,20240821,20241127
澎湖縣指甲彩繪美容職業工會,屏東縣,158548,凝膠立體雕花班,105,18,24250,20240901,20241208
中華民國美顏養生協會,高雄市,158551,芳療精油調製班,91,20,21010,20240824,20241130
中華民國美顏養生協會,高雄市,158552,美容彩妝護膚技能班,91,20,21010,20240825,20241201
北訓電腦有限公司附設職業訓練中心,高雄市,158554,電腦軟體應用班,112,15,19800,20240824,20241207
北訓電腦有限公司附設職業訓練中心,高雄市,158555,全方位Python程式設計入門班,47,17,8880,20240825,20241006
中華民國整體美容藝術美甲推廣協會,高雄市,158569,彩妝護膚美容技能班,91,20,21010,20240814,20241120
中華民國整體美容藝術美甲推廣協會,高雄市,158570,凝膠立體塑雕造型班,91,20,21010,20240901,20241208
社團法人中華微創菁英教育協會,高雄市,158571,新媒體社群行銷短影音剪輯創作實戰班,36,27,5910,20240903,20241126
社團法人中華微創菁英教育協會,高雄市,158572,AI與ChatGPT社群行銷整合應用實作班,36,27,5910,20240905,20241205
大臺中美髮美容技術指導員職業工會,臺中市,158573,時尚創意彩妝造型設計班,70,20,16170,20240819,20241021
大臺中美髮美容技術指導員職業工會,臺中市,158574,流行專業剪髮造型應用班,84,22,19400,20240823,20241108
社團法人高雄市樹子照顧服務事業發展協會,高雄市,158578,照顧服務業高階主管長照與勞基法令管理班,21,20,3980,20240821,20240911
社團法人高雄市樹子照顧服務事業發展協會,高雄市,158579,照顧服務業中高階主管管理與領導統御班,16,20,3030,20240823,20240906
高雄市工人總工會,高雄市,158585,咖啡暨調飲實務班,54,20,10230,20240831,20241102
高雄市美容美體技術學會,高雄市,158589,精油與芳療調理班,91,23,21010,20240820,20241203
高雄市美容美體技術學會,高雄市,158590,職場髮型實務班,91,20,21010,20240907,20241214
高雄市創意美學推廣協會,高雄市,158592,花藝創意設計班,91,19,20260,20240815,20241128
高雄市創意美學推廣協會,高雄市,158593,男女快剪＆燙染造型班,91,20,21010,20240821,20241127
高雄市傳統整復推拿教育協會,高雄市,158594,民俗調理傳統整復鬆筋班,91,20,15760,20240806,20241119
高雄市傳統整復推拿教育協會,高雄市,158595,按摩保健舒壓技能班,66,20,11430,20240910,20241128
台中市職業訓練培訓人員職業工會,臺中市,158598,瑞典式按摩與芳香按摩調理手技實作班,105,22,18190,20240911,20241218
高雄市膚質檢測從業人員職業工會,高雄市,158600,DIY手工皂調製班,91,20,20260,20240902,20241209
高雄縣工商服務職業工會,高雄市,158603,仿真植物黏土實務班,54,26,10740,20240830,20241025
高雄縣工商服務職業工會,高雄市,158604,職場日語實務班,54,22,8900,20240906,20250103
高雄縣職業總工會,高雄市,158611,芳香療法生活應用實務班,48,20,10450,20240911,20241225
社團法人中華菁鷹人才技能學習協會,高雄市,158616,日語會話入門班,47,18,8910,20240904,20241218
中華國際職能交流協會,屏東縣,158618,原始鬆筋調理班,54,21,9350,20240901,20241027
社團法人中華民國珠寶金飾研究會,高雄市,158620,金銀珠寶首飾加工班,49,30,10910,20240831,20241026
台灣人力資源產業工會,高雄市,158626,勞動法實務班,30,21,5670,20240905,20241114
台灣文化創意產業工會,高雄市,158631,網路行銷與社群應用實務班,30,21,5670,20240817,20240914
台灣財務金融產業工會,高雄市,158634,透析理財工具與時事運用班,24,21,4530,20240819,20241007
台灣銀髮服務產業工會,高雄市,158642,綠色照顧樂齡活動設計及帶領人才培訓班,30,25,5670,20240827,20241014
社團法人台灣公共職業訓練國際交流暨發展協會,高雄市,158643,套房裝修與經營管理實務班,30,20,5670,20240904,20241003
社團法人中華樂活數位教育協會,高雄市,158644,社群經營AI文案行銷企劃班,30,26,5420,20240904,20241113
社團法人屏東縣屏東市調酒協會,屏東縣,158647,飲料調製技術班,30,24,4700,20240907,20241005
社團法人高雄市不動產經紀業發展協會,高雄市,158651,不動產經紀人專業培訓班,77,25,12700,20240817,20241026
社團法人臺灣養生創意美食發展協會,高雄市,158654,發酵食品班,66,20,13600,20240818,20241027
社團法人臺灣養生創意美食發展協會,高雄市,158655,港式米麵點心班,66,20,13590,20240819,20241028
社團法人臺灣養生創意美食發展協會,高雄市,158656,實用烘焙班,66,20,13610,20240831,20241109
社團法人高雄市不動產暨物業人力資源發展協會,高雄市,158658,包租代管與房屋買賣租賃評估實務班,30,18,5600,20240829,20241119
屏東縣不動產仲介經紀商業同業公會,屏東縣,158664,不動產營業員進階訓練班,28,36,4620,20240909,20240912
社團法人高雄市顧健康頤養照護關懷協會,高雄市,158668,社區樂齡體適能活動設計與實作班,24,24,4530,20240823,20241011
屏東縣新娘秘書從業人員職業工會,屏東縣,158677,專業彩妝護膚班,84,21,19400,20240904,20241204
屏東縣新娘秘書從業人員職業工會,屏東縣,158678,髮藝設計實務班,98,19,22630,20240909,20241209
高雄市不動產仲介業職業工會,高雄市,158680,不動產經紀營業員專業訓練班,20,35,3050,20240821,20240823
高雄市不動產仲介業職業工會,高雄市,158681,不動產經紀營業員專業訓練班,20,35,3010,20240904,20240906
高雄市工業會,高雄市,158687,進階商務日語應用實務班,36,22,6800,20240825,20241006
高雄市工業會,高雄市,158688,問題分析與解決工具實務班,50,23,8250,20241125,20250113
高雄市新不動產代銷經紀商業同業公會,高雄市,158698,民法及土地相關法規實務訓練班,78,18,12870,20240815,20241024
高雄市新不動產代銷經紀商業同業公會,高雄市,158699,公同共有之處分及其他權利行使實務班,42,18,7900,20240824,20241012
高雄市經絡舒壓服務人員職業工會,高雄市,158701,養生保健牛角鬆筋班,42,20,8330,20240821,20241120
社團法人高雄市愛苗職涯動力整合協會,高雄市,158707,樂齡活動帶領技巧實務班,20,20,3980,20240907,20240921
高雄市西餐服務人員職業工會,高雄市,158710,中式料理與烘焙實作班,81,30,16700,20240909,20241125
高雄市室內裝潢業職業工會,高雄市,158712,居家簡易水電維修班,45,20,11480,20240820,20241015
高雄市室內裝潢業職業工會,高雄市,158713,家庭生活水電修繕班,54,20,12020,20240824,20241019
台灣職能培訓發展協會,屏東縣,158714,多元主題架構花藝設計實作班,47,20,11900,20240827,20241022
屏東縣文化創藝創作人員職業工會,屏東縣,158716,綠能再生減圾媒材磨刻琉璃創作製作班,47,16,11900,20240908,20241027
屏東縣芳療整體保養職業工會,屏東縣,158718,芳香精油調製與運用及行銷管理實務班,45,16,11700,20240905,20241031
屏東縣專業職能培訓人員職業工會,屏東縣,158720,木器暨生活用品彩繪應用實作班,47,18,11900,20240907,20241026
屏東縣整體配飾設計職業工會,屏東縣,158722,縫紉洋裝設計打版實作班,47,16,11900,20240825,20241013
台灣美容職業工會聯合總會,高雄市,158723,芳香經絡及身體保健按摩班,84,20,17600,20240824,20241123
高雄市美容業職業工會,高雄市,158724,DIY美容皂與保養品調製班,60,20,12000,20240818,20241020
中山學校財團法人高雄市中山高級工商職業學校附設職業訓練中心,高雄市,158726,異國風味創意料理班,66,24,13060,20240907,20241116
財團法人金屬工業研究發展中心,高雄市,158733,製造業IATF 16949六大核心工具實務操作訓練班,42,25,7930,20240904,20240925
財團法人金屬工業研究發展中心,高雄市,158734,SolidWorks 3D繪圖設計標準課程班,54,22,8910,20240907,20241005
新高市廣告代理業職業工會,高雄市,158737,ESG網站設計班,47,13,8900,20240903,20241017
新高市廣告代理業職業工會,高雄市,158738,CAD電腦輔助繪圖初階班,47,13,8410,20240904,20240930
輔英科技大學,高雄市,158744,人體移位與實作班,35,30,6970,20240907,20241005
彰化縣總工會,彰化縣,158755,實用日語初級班,54,16,8900,20240820,20241024
彰化縣總工會,彰化縣,158756,勞動法令實務班,54,16,8900,20240821,20241018
台灣區電機電子工業同業公會,高雄市,158771,優質企業AEO供應鏈安全專責人員課程班,24,31,4550,20240817,20240824
台灣區電機電子工業同業公會,高雄市,158772,新多益英文提升應用班,36,26,6830,20240911,20241127
國立空中大學,臺中市,158777,Google雲端應用實務班,36,15,6000,20240904,20241120
國立空中大學,臺中市,158778,喪禮服務實務班,36,17,6000,20240909,20241125
台灣美容職業工會聯合總會,高雄市,158780,美甲凝膠水彩彩繪班,91,24,19000,20240824,20241130
社團法人台灣標準舞蹈協會,臺中市,158782,國標舞倫巴技能訓練班,72,24,11700,20240819,20241106
社團法人台灣標準舞蹈協會,臺中市,158783,國標舞華爾滋技能訓練班,72,24,11700,20240822,20241109
社團法人臺中市身無礙關懷協會,臺中市,158784,全裡翻領箱型袖外套與翻領雙排釦外套製作修改班,91,20,16250,20240908,20241201
社團法人彰化縣觀光餐旅推廣協會,彰化縣,158793,西點蛋糕烘焙坊暨經營管理實務班,63,25,12950,20240817,20241012
社團法人彰化縣觀光餐旅推廣協會,彰化縣,158794,特色麵包店製作實務班,63,25,12850,20240818,20241013
社團法人彰化縣觀光餐旅推廣協會,彰化縣,158795,咖啡拉花暨早午餐輕食實務班,72,25,14850,20240820,20241112
社團法人台灣資產評估協會,臺中市,158799,房地產買賣實用班,36,20,6660,20240817,20240921
社團法人台灣新活力促進協會,彰化縣,158804,觀光英語實用會話班,42,22,6930,20240820,20241126
社團法人台灣新活力促進協會,彰化縣,158805,觀光日語實用會話班,42,22,6930,20240904,20241204
台灣機械業工會聯合會,臺中市,158807,職場商用英文實務班,42,25,7960,20240904,20241204
台灣機械業工會聯合會,臺中市,158808,Power BI數據分析視覺化應用班,42,25,7960,20240907,20241012
崑山科技大學,高雄市,158818,不動產稅法學士學分班,54,25,8910,20240902,20241230
崑山科技大學,高雄市,158819,不動產法規學士學分班,54,26,8910,20240906,20241227
社團法人中華恩怡香氣文創協會,高雄市,158821,芳療美學經營行銷管理班,54,20,9340,20240908,20241103
社團法人台灣手工藝文創協會,臺中市,158824,香氛蠟藝實務班,47,25,12000,20240831,20241012
台灣省電工器材業產業工會聯合會,臺中市,158827,就業服務人員法令解析班,42,25,7960,20240826,20241009
社團法人中華民國數位科技推廣協會,臺中市,158830,多媒體影音企劃設計創作班,42,22,7880,20240825,20241013
社團法人中華國際藝術彩繪文教協會,彰化縣,158836,布工藝實作班,54,25,11250,20240817,20241026
國立高雄科技大學,高雄市,158839,不動產開發與經營管理學士學分班,36,40,6830,20240815,20240919
國立高雄科技大學,高雄市,158840,水肺潛水暨水域技能培訓班,57,20,9870,20240830,20240915
社團法人台灣勞工多元學習發展協會,臺中市,158844,實用韓語會話基礎班,42,21,7950,20240829,20241022
社團法人台灣職能培育協會,彰化縣,158846,麵包點心製作班,51,30,10000,20240820,20241217
社團法人台灣職能培育協會,彰化縣,158847,伴手禮烘焙班,51,30,10000,20240822,20241219
社團法人台灣職能培育協會,彰化縣,158848,餐廳美食料理班,51,30,10000,20240829,20241226
國立中興大學,臺中市,158851,Python程式語言入門班,36,24,6480,20240821,20241113
國立中興大學,臺中市,158852,多媒體影音與平面設計班,36,20,6660,20240830,20241122
國立中興大學,臺中市,158853,食學專業人才基礎班,36,20,6660,20240904,20241127
新竹縣工業會,新竹縣,158861,多益英語聽力訓練班,36,22,6800,20240903,20241126
新竹縣工業會,新竹縣,158862,日語文法會話中階班,48,22,7920,20240910,20250107
彰化縣職能技藝發展協會,彰化縣,158868,人氣麵包烘焙班,54,30,10500,20240819,20241216
台灣科學園區科學工業同業公會,新竹市,158869,企業內部大型活動規劃與執行實務班,21,18,3780,20240906,20240920
新竹縣產業總工會,新竹縣,158873,傳統整復保健班,51,25,8200,20240801,20241128
新竹縣產業總工會,新竹縣,158876,實用日語班,51,25,6900,20240806,20241203
新竹縣產業總工會,新竹縣,158877,客家花布與手工皮革實務班,65,30,11600,20240807,20241127
新竹縣產業總工會,新竹縣,158878,股票投資理財實務基礎班,42,25,5800,20240812,20241111
新竹縣產業總工會,新竹縣,158879,勞動法令與相關案例研討實務班,36,25,5180,20240813,20241022
新竹縣產業總工會,新竹縣,158880,花藝美學實作班,42,25,10500,20240820,20241126
新竹縣產業總工會,新竹縣,158881,整理收納初級實務班,42,25,5900,20240823,20241122
社團法人台灣創造活動發展協會,桃園市,158884,AutoCAD電腦輔助製圖訓練班,54,23,8910,20240825,20241020
社團法人台灣創造活動發展協會,桃園市,158885,Python大數據分析應用實務班,54,23,8910,20240907,20241102
財團法人水源地文教基金會,桃園市,158886,藍染美學蠟染實作班,42,24,10740,20240825,20241006
新竹市總工會,新竹市,158893,客製化服裝打版製作班,47,26,11670,20240831,20241019
新竹市總工會,新竹市,158894,絹版刺繡袋包商品製作班,47,24,11420,20240820,20241015
社團法人中華樂活數位教育協會,臺中市,158900,美業直播短影音社群行銷實務班,36,26,6230,20240829,20241205
高雄市星相卜卦與堪輿業職業工會,高雄市,158904,紫微斗數實務班,54,25,5550,20240820,20241031
高雄市星相卜卦與堪輿業職業工會,高雄市,158905,室內風水設計實務班,54,25,5900,20240831,20241026
高雄市經絡調理服務人員職業工會,高雄市,158907,臉部及頭頸肩經絡調理與牛角輔具應用班,42,22,8260,20240903,20241203
高雄市語文教學從業人員職業工會,高雄市,158909,日語實用會話初階班,30,22,5670,20240827,20241105
高雄市語文教學從業人員職業工會,高雄市,158910,韓語實用會話入門班,30,24,5670,20240830,20241101
高雄市語文教學從業人員職業工會,高雄市,158911,多益英語能力班,36,22,6660,20240903,20241018
高雄市總工會,高雄市,158914,芳香調製技能實務班,54,25,10000,20240820,20241029
高雄市總工會,高雄市,158915,編織實務班,52,25,8500,20240821,20241127
高雄市總工會,高雄市,158916,手作拼布包實務班,54,25,9100,20240822,20241024
高雄市總工會,高雄市,158917,生活家飾彩繪實務班,48,25,8100,20240827,20241126
高雄市總工會,高雄市,158918,偉特塔羅占卜實務班,48,25,6500,20240828,20241127
高雄市總工會,高雄市,158919,清潔用品及保養品調製班,54,25,9100,20240831,20241026
高雄市總工會,高雄市,158920,交通事故爭議調處實務班,36,25,5000,20240906,20241122
台灣科技產業園區產業工會聯合會,高雄市,158928,ESG永續碳管理人才培訓實務班,30,22,5670,20240922,20241020
社團法人中國傳統整復療法協會,高雄市,158931,傳統整復推拿技術員單元課程班,144,18,24500,20240818,20241215
社團法人台灣水上安全運動推廣協會,高雄市,158932,水肺潛水從業人員訓練班,72,16,12470,20240911,20241008
台中市室內裝潢業職業工會,臺中市,158935,建築物室內設計手繪班,66,25,12400,20240817,20241026
台中市室內裝潢業職業工會,臺中市,158936,Sketch Up室內繪圖基礎運用班,30,25,4170,20240824,20240921
社團法人高雄市勞資事務協進會附設職業訓練中心,高雄市,158939,甲種職業安全衛生業務主管訓練班,42,23,5400,20240906,20240926
屏東縣工業會,屏東縣,158942,手沖咖啡及咖啡館花式特調實作班,36,24,8530,20240818,20240922
屏東縣工業會,屏東縣,158943,皮線編織包袋打版應用實務班,54,24,12020,20240824,20241026
社團法人新竹縣勞工技能培訓協會,新竹縣,158945,手工皂製作應用實務班,42,25,9500,20240804,20240915
高雄市太陽能設備裝修職業工會,高雄市,158948,智慧電網與儲能應用班,28,20,5000,20240817,20240907
中華民國不動產代銷經紀商業同業公會全國聯合會,臺北市,158951,共有土地處分實務應用班,30,17,5670,20240901,20241027
社團法人中華台灣創藝設計培訓協會,臺北市,158953,彩繪創作實務班,90,25,20040,20240901,20241222
社團法人中華民國不動產教育訓練發展協會,臺北市,158956,不動產經紀人實務班,102,27,16830,20240814,20241030
中華民國租賃住宅服務業產業工會,臺北市,158958,地政士實務班,99,25,16240,20240829,20241226
中華民國全國職業總工會,臺北市,158961,芳香精油產品調製進階班,54,25,12000,20240907,20241102
中華民國全國職業總工會,臺北市,158962,手作烘焙快樂班,64,36,12800,20240810,20240901
中華民國全國職業總工會,臺北市,158963,精品咖啡技能實務初級班,30,24,7000,20240816,20240913
中華民國全國職業總工會,臺北市,158964,初階日語會話班,36,20,6800,20240821,20241002
台灣勞工大聯盟總工會,臺中市,158970,日文會話班,45,25,8530,20240828,20241204
台灣勞工大聯盟總工會,臺中市,158971,中階主管管理才能進階班,36,20,6500,20240906,20241122
中華民國勞工安全衛生管理協會附設職業訓練中心,臺北市,158976,營造業甲種職業安全衛生業務主管培訓班,42,30,7960,20240906,20241025
中華產業人才認證學會,新北市,158981,日文Ｎ４進階班,45,20,8500,20240903,20241217
社團法人中華民國瑜伽舞蹈養生協會,新北市,158982,心肺有氧與運動按摩實務A班,42,20,7720,20240824,20241207
社團法人中華民國瑜伽舞蹈養生協會,新北市,158984,肚皮舞訓練班,42,20,7960,20240831,20241130
中華民國勞資關係服務協會,臺北市,158996,勞動基準法相關法令逐條解析與實務訓練班,42,30,7960,20240819,20241125
中華民國體育運動舞蹈推廣協會,基隆市,159000,雙人捷舞舞蹈訓練班,45,17,8500,20240902,20241223
社團法人中華中小企業財務顧問協會,臺北市,159001,AI在財務會計的運用與潛在風險實務班,24,25,4400,20240824,20240914
中華民國傳統整復推拿師職業工會全國聯合總會,宜蘭縣,159002,傳統整復推拿A班,104,20,17000,20240824,20241005
中華民國體育運動舞蹈推廣協會,臺北市,159004,倫巴舞蹈訓練班,45,20,8000,20240904,20241211
中華民國體育運動舞蹈推廣協會,基隆市,159006,單人鬥牛舞舞蹈訓練班,45,17,8500,20240903,20241224
中華民國體育運動舞蹈推廣協會,基隆市,159008,單人倫巴舞蹈訓練班,45,17,8500,20240907,20241228
中華數位人資應用管理協會,新北市,159010,勞動法令與就業服務訓練班,54,28,8910,20240901,20241020
社團法人中華民國瑜伽舞蹈養生協會,臺北市,159013,瑜珈教學人員應用實務班,72,20,11520,20240901,20241117
社團法人中華民國瑜伽舞蹈養生協會,新北市,159015,流行MV舞派對有氧B班,30,20,5520,20240827,20241210
實踐大學,臺北市,159016,AutoCAD室內設計實務班,72,22,13060,20240820,20241114
社團法人中華第二專長發展協會,臺北市,159022,精品咖啡調製班,42,25,8650,20240813,20241001
社團法人中華第二專長發展協會,臺北市,159023,Excel試算表實務應用班,42,25,7900,20240823,20240923
社團法人中華第二專長發展協會,臺北市,159024,投資理財實戰應用班,42,25,7900,20240823,20240923
中國醫藥大學,臺中市,159025,幸福圍爐年菜(素食)實作班,52,22,8680,20240907,20241214
中國醫藥大學,臺中市,159026,異國美食料理班,52,22,8680,20240908,20241215
社團法人中華兩岸影視文創經貿交流總會,臺北市,159027,自媒體短影音錄製與直播應用班,66,26,11000,20240824,20241102
社團法人中華職能創新發展協會,新北市,159031,AI文案生成應用與數據分析廣告行銷實戰班,30,28,4920,20240901,20240929
社團法人中華勞動人才發展協會,新北市,159034,日文─N5訓練班,36,21,6600,20240830,20241011
社團法人中華菁鷹人才技能學習協會,臺北市,159037,西班牙語初級班,47,18,8910,20240901,20241027
社團法人中華菁鷹人才技能學習協會,臺北市,159038,室內裝修材料估算應用班,47,18,8910,20240827,20241022
社團法人台灣心方向協會,新北市,159040,社區樂齡健康促進班,32,20,6070,20240908,20240929
中華產業人才認證學會,新北市,159041,日文Ｎ２中高級班,45,20,8500,20240904,20241211
社團法人中華民國瑜伽舞蹈養生協會,臺北市,159042,熱情國標舞蹈訓練B班,45,20,8290,20240831,20241214
台灣區冷凍空調工程工業同業公會,臺北市,159043,恆溫恆濕系統試車與調整及圖面繪製先修班,36,25,8000,20240821,20241106
社團法人中華民國瑜伽舞蹈養生協會,臺北市,159045,心肺有氧與運動按摩實務B班,42,20,7720,20240831,20241214
社團法人中華民國瑜伽舞蹈養生協會,新北市,159048,熱情國標舞蹈訓練A班,45,20,8290,20240825,20241208
社團法人桃園市東亞職業訓練教育協會,桃園市,159050,傳統整復推拿全身調理技術實務班,54,24,9350,20240827,20241029
社團法人中華影視造型文化創意協會,臺北市,159052,手機數位攝影微影音錄製實務班,66,24,11500,20240818,20241027
社團法人台灣社區活化協會,新北市,159053,微電商營運與社群行銷整合實戰班,36,25,5530,20240908,20241013
社團法人花蓮縣人力資源訓練發展協會,花蓮縣,159055,中餐烹調實務進階班,123,18,25350,20240816,20241117
社團法人花蓮縣人力資源訓練發展協會,花蓮縣,159056,烘焙餅乾實務技能班,35,24,8250,20240823,20240924
社團法人中華民國瑜伽舞蹈養生協會,新北市,159057,寶萊塢有氧舞蹈訓練班,32,20,5880,20240829,20241219
社團法人花蓮縣人力資源訓練發展協會,花蓮縣,159058,烘焙團購伴手禮班,36,24,8500,20240909,20241014
台灣區冷凍空調工程工業同業公會,臺北市,159064,離心機新機試俥調整及年度保養先修班,36,28,8000,20240905,20241128
社團法人中華育群人才技藝發展協會,臺北市,159065,西班牙語初級會話班,47,18,8910,20240822,20241219
社團法人中華影視造型文化創意協會,臺北市,159066,數位媒體短影音製作策劃應用班,66,24,11000,20240818,20241027
社團法人台灣社區藝術與人文發展協會,臺北市,159067,創新設計思考與智財權保護班,24,20,4300,20240910,20241008
社團法人中華育群人才技藝發展協會,臺北市,159068,韓語會話入門班,47,18,8910,20240902,20241223
中國科技大學,臺北市,159074,無人機專業飛手實戰班,42,20,7920,20240824,20241005
社團法人中華民國瑜伽舞蹈養生協會,新北市,159077,流行MV舞派對有氧A班,42,20,7720,20240824,20241123
社團法人宜蘭縣餐飲推廣協會,宜蘭縣,159078,複合式料理烘焙訓練班,96,30,18700,20240803,20241123
社團法人宜蘭縣餐飲推廣協會,宜蘭縣,159081,麵食料理烘焙訓練班,96,30,18700,20240804,20241124
社團法人宜蘭縣餐飲推廣協會,宜蘭縣,159084,中餐烹調訓練班,60,20,12350,20240807,20240923
社團法人新北市觀光導遊協會,臺北市,159085,旅遊帶團手機數位攝影培訓班,45,20,8250,20240825,20241013
社團法人新北市觀光導遊協會,臺北市,159086,台灣地質礦產旅遊資源導覽培訓班,45,20,8530,20240829,20241017
花蓮縣新風貌促進會,花蓮縣,159094,美味甜點烘焙班,54,20,11100,20240907,20241026
社團法人中華民國人才育成協會,臺北市,159098,銷售與溝通管理技巧班,30,24,5950,20240819,20241028
社團法人中華民國拼布藝術發展協會,臺北市,159102,布藝設計人才培訓班,54,20,9350,20240825,20241020
花蓮縣新風貌促進會,花蓮縣,159103,銀飾商品創作行銷班,54,16,11800,20240810,20240928
社團法人中華民國勞動力發展協會,臺北市,159107,自媒體直播主持技巧與口與表達實務班,45,22,8930,20240824,20241012
社團法人基隆市職能推廣教育協會,基隆市,159110,地方小吃料理製作班,54,15,10630,20240831,20241102
社團法人台灣公共職業訓練國際交流暨發展協會,臺北市,159117,新制多益英文聽力閱讀訓練班,36,22,6660,20240817,20240921
社團法人中華芳香調理教育學會,新北市,159118,芳香調理師培訓班,72,20,16630,20240825,20241019
財團法人中華民國勞工教育研究發展中心,臺北市,159121,數位行銷策略佈局與實務操作應用班,30,23,5680,20240901,20240929
財團法人中華民國勞工教育研究發展中心,臺北市,159123,Podcast聲音自媒體企製與錄音工程基礎班,30,23,5690,20240818,20240915
財團法人台灣中小企業聯合輔導基金會,臺北市,159124,企業上市、融資、併購經營權實務班,24,25,4410,20240817,20240901
財團法人紡織產業綜合研究所,新北市,159127,財務會計人員進階實務班,30,24,5690,20240804,20240901
財團法人台灣中小企業聯合輔導基金會,臺北市,159129,新創事業股權規劃與團隊經營權之設計實務班,24,25,4410,20240907,20240922
台北市保險業職業工會,臺北市,159132,人身保險示範條款解析與判決研討班,54,25,8910,20240903,20241105
社團法人台灣新活力促進協會,新北市,159141,多益文法與閱讀技巧實務班,36,25,5660,20240907,20241012
社團法人中華弱勢族群整體美容協會,基隆市,159142,美甲凝膠彩繪班,90,25,20780,20240810,20241130
台北市景觀工程商業同業公會,新北市,159143,永續目標(SDGS)下的減碳園藝永續景觀實踐班,60,25,10400,20240824,20240922
社團法人宜蘭縣新住民關愛權益協會,宜蘭縣,159147,歌唱人員訓練班,37,24,6990,20240827,20241119
社團法人台灣社會企業創新創業學會,臺北市,159149,永續經營管理班,18,35,3410,20240907,20240921
社團法人基隆市勞資和諧促進會,基隆市,159150,Microsoft職場實務應用班,30,24,5480,20240803,20240831
社團法人臺灣文化創意產業發展協會,臺北市,159152,咖啡豆烘焙班,42,25,8650,20240818,20241006
新竹縣專業職能培訓人員職業工會,新竹縣,159153,職場實用日語會話應用班,51,20,8410,20240822,20241219
新竹縣專業職能培訓人員職業工會,新竹縣,159154,職場實用日語會話實務班,54,20,8910,20240904,20241218
財團法人中華民國勞工教育研究發展中心,臺北市,159160,Python程式設計入門基礎班,24,22,4550,20240907,20240928
社團法人臺灣華夏休旅交流促進會,臺北市,159163,觀光導覽英語實務班,36,20,6300,20240908,20241013
社團法人基隆市勞資和諧促進會,基隆市,159164,日語基礎入門及生活會話應用班,36,20,6800,20240825,20240929
社團法人基隆市勞資和諧促進會,基隆市,159165,數位行銷與廣告投放實務應用班,42,20,7710,20240811,20240922
宜蘭縣玩具暨兒童用品業職業工會,宜蘭縣,159166,親子互動學習玩具書設計與製作班,59,20,12800,20240810,20240928
中華數位人資應用管理協會,新竹縣,159167,新多益聽力與閱讀能力培訓班,54,24,8910,20240901,20241027
中華數位人資應用管理協會,新竹縣,159168,新多益聽力與閱讀能力提升班,54,20,8910,20240902,20241104
中華數位人資應用管理協會,新竹縣,159169,勞動法令與就業服務訓練班,54,20,8910,20240907,20241026
社團法人中華民國汽車工程學會,新北市,159172,二手車車況檢查技能實務訓練班,28,25,5530,20240825,20240915
中華民國指甲彩繪美容職業工會聯合會,桃園市,159173,凝膠彩繪美指及混搭異素材創作設計班,84,25,16000,20240825,20241117
台北市商品包膜人員職業工會,臺北市,159175,皮革皮雕製作實務班,90,25,20000,20240907,20241228
宜蘭縣玩具暨兒童用品業職業工會,宜蘭縣,159179,童玩烙畫工藝創意實作班,47,20,11980,20240818,20241006
中華民國全競利促進協會,新竹縣,159184,ChatGPT 暨 Excel VBA 網路爬蟲應用班,54,20,8910,20240824,20241019
中華民國全競利促進協會,新竹縣,159185,投資學實務應用班,54,28,8910,20240824,20241012
中華民國全競利促進協會,新竹縣,159186,Excel導入ChatGPT自動化數據分析實戰班,47,20,8880,20240903,20241031
財團法人中華民國貿易教育基金會,臺北市,159188,跨境電商行銷人才培訓班,30,22,5690,20240828,20240927
台北市傳統整復推拿與民俗調理職業工會,臺北市,159194,民俗調理業傳統整復推拿調理班,112,24,16840,20240904,20241202
淡江大學學校財團法人淡江大學,臺北市,159195,就業服務勞動法令與專業實務學士學分班,54,36,8910,20240901,20241117
苗栗縣工業會,苗栗縣,159198,金屬工藝創意媒材設計製作班,36,19,9180,20240901,20241006
社團法人中華民國職業安全暨勞動力職能學術研究發展協會,金門縣,159204,養生經絡調理與牛角應用實務班,45,28,8920,20240907,20240929
社團法人中國餐飲學會,臺北市,159206,多元特色料理班,64,30,8600,20240907,20241026
社團法人中華巨倫人才培訓協會,臺北市,159210,日語會話初級班,47,18,8910,20240821,20241204
財團法人台灣建築中心,新北市,159212,淨零建築能效BERS導入實務班,18,30,3410,20240827,20240912
社團法人中華巨倫人才培訓協會,臺北市,159213,日語會話入門班,47,18,8910,20240824,20241012
台北市園藝花卉業職業工會,臺北市,159214,自然花藝設計應用班,47,24,11960,20240807,20240930
社團法人基隆市職業訓練發展協會,基隆市,159215,手機網紅短影音經營實務班,18,20,3400,20240828,20241002
社團法人中華民國珠寶金飾研究會,臺北市,159219,金銀珠寶首飾加工班,49,30,10910,20240901,20241013
社團法人中華專業講師協會,臺北市,159220,聲音表達與表演訓練班,30,25,6230,20240824,20240921
宜蘭縣玩具暨兒童用品業職業工會,宜蘭縣,159222,兒童用品客製化設計製作班,47,20,11850,20240904,20241023
社團法人中華專業講師協會,臺北市,159224,魅力台風與聲音表達影響力訓練班,35,22,6580,20240907,20241005
國立臺北商業大學,臺北市,159225,創新經濟AI行銷數據分析與資料視覺化班,48,32,7920,20240818,20241006
社團法人中華勞動法推廣協會,臺北市,159227,勞資爭議相關案例解析班,54,23,8690,20240824,20241019
財團法人自強工業科學基金會,臺北市,159228,塑膠射出科學成形與穩健成形基礎班,30,20,5670,20240907,20241012
社團法人台北市不動產教育發展協會,臺北市,159229,不動產經紀人C班,116,25,19100,20240825,20241113
財團法人自強工業科學基金會,臺北市,159230,初級資訊安全人員訓練班,30,20,5670,20240906,20241108
社團法人台北市不動產教育發展協會,臺北市,159231,不動產經紀人進階班,45,25,8000,20240903,20241107
社團法人台灣職業技能教育培訓協會,新北市,159236,凝膠美甲彩繪設計班,63,20,14370,20240908,20241103
台灣區電機電子工業同業公會,臺北市,159238,資安管理系統專業人才訓練基礎班,24,25,4550,20240905,20240926
台灣省電工器材業產業工會聯合會,新北市,159246,就業服務人員法令解析與人力仲介管理班,40,25,7590,20240825,20240922
新北市手工藝品商業同業公會,新北市,159249,台灣節慶風創意飾品設計班,47,28,9800,20240831,20241012
社團法人台灣美容技藝發展協會,臺北市,159252,美容講師培訓班,47,20,9200,20240903,20241029
社團法人中華全人發展促進會,新北市,159255,金融商品投資與技術分析實務班,42,30,5950,20240824,20241012
宜蘭縣勞工團體聯盟總會,宜蘭縣,159259,手作西點烘焙班,84,24,17300,20240831,20241116
宜蘭縣勞工團體聯盟總會,宜蘭縣,159271,手創編織商品應用班,55,20,12250,20240815,20241121
社團法人中華美容技藝促進協會附設職業訓練中心,新北市,159273,男子理髮技術訓練班,54,20,9400,20240907,20241102
新北市醬類從業人員職業工會,臺北市,159274,門市經營LINE客服應用實務班,36,26,7480,20240819,20240930
社團法人中華美容技藝促進協會附設職業訓練中心,新北市,159276,美體舒壓技術培訓班,54,20,9160,20240907,20241102
新北市醬類從業人員職業工會,臺北市,159277,門市經營圖文行銷設計實務班,36,26,7480,20240911,20241016
新北市工業成品全檢人員職業工會,新北市,159280,流行飾品創新金工實作班,47,25,12030,20240817,20240928
社團法人台灣國際工商人才發展交流協會,臺北市,159282,多益商務英文閱讀實用班,45,20,8500,20240904,20241211
社團法人中華跨域創新學會,臺北市,159285,ESG商業環境下的顧問式行銷模型班,30,20,5100,20240907,20241005
台北市園藝花卉業職業工會,臺北市,159288,園藝作物盆栽班,42,24,10300,20240817,20240928
新北市線上數位學習協進會,新北市,159291,品牌AI工具實戰與營運班,30,20,5900,20240817,20240914
宜蘭縣職業總工會,宜蘭縣,159292,裝飾彩繪藝術實作班,54,20,12020,20240903,20241105
社團法人宜蘭縣美學才藝發展協會,宜蘭縣,159293,新娘整體造型設計班,96,18,19700,20240828,20241216
宜蘭縣職業總工會,宜蘭縣,159295,時尚袋包布藝手作實作班,47,20,11990,20240902,20241021
宜蘭縣職業總工會,宜蘭縣,159296,手工皂文創製作班,60,20,13360,20240824,20241026
新北市工業會,新北市,159297,PMP國際專案管理訓練班第01期,42,20,7950,20240818,20240929
新北市工業會,新北市,159305,物料管理常見問題與解決對策實務班第01期,30,20,5690,20240824,20240921
基隆市全民勞工總工會,基隆市,159308,金融投資理財工具實務班,42,25,9150,20240907,20241019
基隆市全民勞工總工會,基隆市,159312,生成式AI與自媒體運用班,42,25,8760,20240901,20241013
基隆市全民勞工總工會,基隆市,159316,節能家電維修與保養班,42,24,10460,20240901,20241013
宜蘭縣總工會附設職業訓練中心,宜蘭縣,159322,民俗調理業傳統整復推拿班,56,18,9600,20240910,20241112
社團法人台灣職場技能協進會,臺北市,159326,商務觀光韓語初階班,45,20,8410,20240812,20240930
中華電力技術人員培訓協會,桃園市,159327,自來水配管實務班,98,20,21190,20240817,20241020
社團法人台灣職場技能協進會,臺北市,159337,韓語初階班,36,20,6780,20240831,20241012
宜蘭縣總工會,宜蘭縣,159338,異國料理實作班,57,18,11500,20240903,20241112
社團法人臺灣文化創意產業協會,臺北市,159345,手機商業攝影與行銷影音製作實務班第02期,60,26,9900,20240813,20241024
花蓮縣專業職能培訓人員職業工會,花蓮縣,159348,中餐烹調實務技能班,124,30,24000,20240819,20241104
社團法人臺灣服務稽核協會,臺北市,159350,實務神秘客培訓班,24,18,4750,20240823,20240825
花蓮縣專業職能培訓人員職業工會,花蓮縣,159351,烘焙麵包實務技能班,56,24,11550,20240817,20241026
花蓮縣專業職能培訓人員職業工會,花蓮縣,159355,烘焙蛋糕實務技能班,45,25,10650,20240829,20241020
中華整體美學交流協會,桃園市,159358,保健芳療精油調配應用實務班,72,18,16600,20240904,20241127
社團法人中華不動產教育交流協會,桃園市,159362,地政士土地稅法規與土地登記實務班,96,20,15800,20240901,20241117
財團法人台灣經濟研究院,臺北市,159369,商英中級閱讀與翻譯實戰班,36,22,5500,20240815,20241107
財團法人台灣經濟研究院,臺北市,159373,商英多益聽讀班,36,23,5420,20240820,20241112
台北市鐘錶眼鏡業職業工會,臺北市,159375,裂隙燈實作班,24,30,4750,20240908,20241006
財團法人台灣經濟研究院,臺北市,159376,商用韓語會話班,36,22,5450,20240904,20241120
財團法人台灣經濟研究院,臺北市,159381,職場日本語會話班,36,23,5420,20240826,20241118
新北市不動產業產業工會,新北市,159382,進階不動產買賣及法規實務班,45,22,8510,20240812,20241007
基隆市專業職能培訓人員職業工會,基隆市,159383,和諧粉彩指導員進階班,42,20,8760,20240819,20240930
社團法人台灣職能培育協會,桃園市,159387,無麩質烘焙食品班,45,25,9200,20240825,20241020
社團法人台灣職能培育協會,桃園市,159388,中式米麵食應用班,57,25,11100,20240910,20241119
臺北市輔育人員職業工會,臺北市,159399,手編織訂製服設計培訓班,36,30,8860,20240829,20241121
宜蘭縣布花完稿設計職業工會,宜蘭縣,159407,建築空間靚裝藝品針車技術應用班,106,20,23610,20240907,20241207
桃園市文創美學交流協會,桃園市,159408,美甲彩繪凝膠應用實務班,54,18,12400,20240824,20241026
新北市專業職能培訓人員職業工會,臺北市,159412,流行時尚髮藝快剪班,45,23,11870,20240903,20241217
中華民國全國職業總工會,桃園市,159415,皮革製版設計裁切成型技術班,88,24,19600,20240817,20241026
宜蘭縣布花完稿設計職業工會,宜蘭縣,159416,工藝製版裁縫成型與針車技能班,97,20,21600,20240829,20241121
中華民國腳底按摩職業工會聯合會,臺北市,159420,民俗調理業-腳底按摩專業訓練術科B班,65,20,10800,20240901,20241027
新北市專利服務人員職業工會,臺北市,159422,進階商業英語會話班,45,22,8460,20240905,20241219
宜蘭縣清潔管理服務業職業工會,宜蘭縣,159423,智慧綠能水電基礎修護技能班,32,19,8100,20240824,20240901
全國勞工聯合總工會,臺北市,159426,Linux入門到企業應用實務班,47,22,8500,20240901,20241013
全國勞工聯合總工會,臺北市,159428,Python 網路爬蟲與資料分析進階班,47,22,8500,20240901,20241013
苗栗縣職業總工會,苗栗縣,159429,活用日語初級班,51,16,8400,20240806,20241203
全國勞工聯合總工會,臺北市,159430,Ubuntu Linux 系統管理入門實務班,47,22,8500,20240907,20241019
苗栗縣職業總工會,苗栗縣,159431,藝術果凍花實務班,54,24,10660,20240901,20241110
社團法人中華民國居家用品創意翻新協會,臺北市,159436,成衣女裝製作基礎班,126,15,28000,20240907,20241221
中華民國腳底按摩職業工會聯合會,臺北市,159438,民俗調理業-腳底按摩專業訓練術科A班,65,20,10800,20240828,20241023
宜蘭縣資訊服務職業工會,宜蘭縣,159441,Photoshop暨Illustrator影像美編專班,45,20,9300,20240911,20241014
新北市勞動力援助人員職業工會,臺北市,159443,傳統整復推拿全身調理手法應用實務班,60,24,10390,20240906,20241108
中華民國全國公務機關勞工總工會,臺北市,159446,職場情境日語中級班,54,23,8690,20240825,20241103
中華民國指甲彩繪美容職業工會聯合會,新北市,159456,美甲沙龍手部保養及凝膠手繪結合異素材混搭設計班,84,25,18000,20240824,20241130
宜蘭縣褓姆業職業工會,宜蘭縣,159461,月子餐調理班,55,24,11300,20240824,20241012
台北市工商服務業職業工會,臺北市,159468,商業手機攝影暨光線技巧培訓班,55,24,9070,20240904,20241101
中華民國糕餅西點烘焙職業工會全國聯合會,臺北市,159476,歐式麵包烘焙班,47,40,11140,20241229,20250119
臺北市挽臉從業人員職業工會,新北市,159479,臉部經絡美容班,42,22,11100,20240825,20241006
中華民國糕餅西點烘焙職業工會全國聯合會,臺北市,159481,幸福甜點烘焙班,47,40,11140,20240907,20241012
宜蘭縣營造業職業工會,宜蘭縣,159486,特色民宿木作裝置改造白天班,45,18,10930,20240826,20241014
新北市總工會,新北市,159487,芳香療法紓壓心靈實務班,36,20,9520,20240820,20241001
新北市總工會,新北市,159488,居家清潔用品實務班,54,20,12000,20240825,20241020
新北市總工會,新北市,159489,綠生活園藝植栽實務班,47,20,11540,20240828,20241016
臺北市公務機關總工會,臺北市,159496,英語聽說讀寫實用班,54,23,8690,20240824,20241019
花蓮縣宗教服務職業工會,花蓮縣,159497,宗教音樂表演訓練班,45,20,8450,20240906,20241227
社團法人宜蘭縣勞工教育協進會附設職業訓練中心,宜蘭縣,159501,三公噸以上之移動式起重機操作人員訓練班,38,34,8290,20240814,20240825
中華餐飲業產業工會,臺北市,159504,養生健康料理班,42,40,9880,20240820,20241008
文化部工會,臺北市,159507,商用英語進階實務班,54,23,8690,20240825,20241020
社團法人職場健康發展協會,臺北市,159511,企業目標設定與管理技巧提升訓練班,18,25,3240,20240825,20240908
雙北市職業總工會,臺北市,159514,花藝會展設計班,42,25,8650,20240817,20240928
宜蘭縣仲介業從業人員職業工會,宜蘭縣,159516,不動產營業員實務訓練班,21,20,3900,20240813,20240815
宜蘭縣仲介業從業人員職業工會,宜蘭縣,159517,不動產營業員實務訓練班,21,20,3900,20240910,20240912
台灣機械業工會聯合會,新北市,159518,從ExcelVBA到Power BI數據分析應用班,42,25,7960,20240826,20241125
臺北市勞動力服務人員職業工會,臺北市,159521,Excel進階與Power BI數據分析實務班,42,20,7760,20240904,20241211
新北市飲料調製運送服務職業工會,新北市,159535,飲料調製實務班,54,24,10000,20240810,20241005
基隆市產職業企業總工會,基隆市,159538,寵物美容造型基礎訓練班,45,20,9790,20240824,20241012
新北市飲料調製運送服務職業工會,新北市,159539,調酒實務班,60,24,12360,20240818,20241020
基隆市產職業企業總工會,基隆市,159541,電子商務帶貨銷售訓練班,42,20,8730,20240819,20240930
新北市冰果冷飲服務業職業工會,新北市,159543,和果子實務班,42,36,8870,20240908,20241013
臺北市飲料運送服務職業工會,新北市,159544,調酒實務訓練班,36,20,8350,20240825,20241103
健行學校財團法人健行科技大學,桃園市,159554,ESG綠色行銷應用班,30,17,5340,20240824,20240921
社團法人中華造型藝術學會,新北市,159563,美甲沙龍凝膠彩繪實務技法班,98,20,20400,20240908,20241208
苗栗縣產業總工會,苗栗縣,159566,皮雕工藝實務應用班,48,24,10100,20240808,20241128
苗栗縣產業總工會,苗栗縣,159567,實用手工皂與保養品應用班,54,24,11340,20240810,20241005
苗栗縣產業總工會,苗栗縣,159568,皮革文創設計實務應用班,72,24,15520,20240811,20241027
苗栗縣產業總工會,苗栗縣,159572,中山琴技能培訓班,36,14,6260,20240903,20241126
苗栗縣產業總工會,苗栗縣,159573,EXCEL基礎應用班,30,20,5250,20240906,20241108
花蓮縣總工會,花蓮縣,159575,皮雕創作應用班,54,22,10150,20240812,20240923
新北市冰果冷飲服務業職業工會,新北市,159579,糖花文創實務班,35,36,6960,20240831,20240928
社團法人新北市板橋口才發展協會,新北市,159580,職場職能軟技術培訓—溝通技能：AI簡報生成速班,36,25,7170,20240820,20241105
社團法人新北市板橋口才發展協會,新北市,159585,職場行銷溝通表達技巧班,36,20,7170,20240812,20241028
桃園市保險業務職業工會,桃園市,159586,多元保險行銷經營應用實務班,42,20,7910,20240903,20241022
桃園市保險業務職業工會,桃園市,159587,車禍調解理賠處理專業人才實務班,42,25,7060,20240906,20241025
桃園市保險業務職業工會,桃園市,159588,稅務規劃暨投資理財應用實務班,48,25,7870,20240911,20241030
高雄市網路自媒體從業人員職業工會,高雄市,159590,手機攝影與影片剪輯班,48,20,7900,20240908,20241027
屏東縣傳統整復員職業工會,屏東縣,159601,傳統整復推拿實務班,63,18,10900,20240818,20241013
花蓮縣總工會,花蓮縣,159604,生活飾品拼布應用班,54,22,10150,20240904,20241023
臺北市芳薰香植物精油服務人員職業工會,臺北市,159609,精油調配實作班,56,30,12500,20240824,20241012
臺北市百貨公司售貨業職業工會,臺北市,159610,網路社群行銷與企劃班,45,18,8520,20240903,20241029
臺北市百貨公司售貨業職業工會,臺北市,159611,企業永續經營與人力資源管理實務訓練班,45,18,8520,20240909,20241028
臺北市保險業務職業工會,臺北市,159612,傳承規劃實務班,30,30,5690,20240904,20241002
花蓮縣總工會,花蓮縣,159613,風景畫壁飾拼布應用班,42,22,8850,20240824,20241005
臺北市百貨公司售貨業職業工會,臺北市,159614,財務會計與稅務申報實務班,45,18,8520,20240909,20241028
臺北市保險業務職業工會,臺北市,159616,保險法逐條解釋與案例應用班,36,30,6830,20240828,20241120
全國工人總工會,新北市,159617,拼布創意袋包實作班,42,29,10750,20240824,20241005
新竹市挽臉從業人員職業工會,新竹市,159618,挽臉美容專業人員實務班,45,18,11800,20240817,20241006
臺北市衛浴器材服務職業工會,臺北市,159619,新多益聽力與閱讀能力提升班,42,18,7940,20240831,20241005
基隆市職業總工會,基隆市,159621,多媒材紙藝拼貼班,54,22,12000,20240828,20241023
臺北市衛浴器材服務職業工會,臺北市,159622,3D室內空間設計與居家住宅風水格局規劃進階班,42,18,7940,20240831,20241005
台灣區電機電子工業同業公會,臺中市,159623,新多益題型解析與應考技巧班,45,25,8530,20240820,20241015
台灣區電機電子工業同業公會,臺中市,159624,基礎商用日文班,24,25,4550,20240902,20241028
大同大學,臺北市,159627,photoshop及AI影像生成設計班第01期,54,22,7560,20240907,20241102
基隆市職業總工會,基隆市,159629,中式點心班,54,20,11100,20240823,20241101
全國工人總工會,新北市,159630,布藝後背包拼接實作班,47,29,12030,20240902,20241028
基隆市商品包膜服務人員職業工會,基隆市,159631,皮革皮雕實作班,90,25,20000,20240908,20241229
基隆市職業總工會,基隆市,159633,麵包製作班,54,20,11100,20240821,20241023
臺北市解說員職業工會,新北市,159634,烘咖啡豆解說班,47,35,11130,20240824,20241012
基隆市職業總工會,基隆市,159635,生活實用裁縫實作班,54,20,10000,20240829,20241031
臺北市翻譯業職業工會,臺北市,159639,職場韓語基礎班,42,20,7900,20240905,20241212
中國房地產研究發展協會,臺北市,159640,建築物變更使用基礎認知暨室內裝修實務班,24,20,4410,20240819,20240911
臺北市翻譯業職業工會,臺北市,159641,電子書出版實務班,47,20,8800,20240907,20241130
社團法人台灣勞動力培訓發展協會,新北市,159644,複合式咖啡與烘焙點心班,45,24,9310,20240902,20241004
開南大學,臺北市,159646,國際物流與報關實務班,44,30,8140,20240817,20240921
台灣機械業工會聯合會,新北市,159647,Python機器學習班,42,25,7960,20240831,20241005
社團法人台灣勞動力培訓發展協會,新北市,159650,記帳士-稅務申報實務班,54,30,7640,20240904,20241101
社團法人台灣勞動力培訓發展協會,新北市,159652,EXCEL函數與VBA班,36,30,5520,20240831,20241005
社團法人台灣鵗力灣協會,桃園市,159658,職場多益英文文法閱讀解析班,36,28,5920,20240905,20241029
中華民國幸福城市營造發展協會,新北市,159661,優雅氣質手提包製作班,54,25,11800,20240824,20241012
台灣機械業工會聯合會,新北市,159662,日文初級班,42,25,7960,20240904,20241204
台北市洗染業職業工會,臺北市,159663,機能布料與污漬處理班,30,30,7350,20240901,20241006
佛光大學,宜蘭縣,159664,財富管理專題碩士學分班,54,15,8910,20240910,20250114
佛光大學,宜蘭縣,159665,服務業管理專題碩士學分班,54,15,8910,20240911,20250115
台灣機械業工會聯合會,新北市,159666,日文初級班,42,25,7960,20240907,20241012
基隆市小吃業職業工會,基隆市,159667,咖啡技術烘豆與義式拉花訓練班,72,25,14850,20240825,20241110
財團法人水源地文教基金會,臺北市,159673,化妝保養品調製實作班,42,24,10740,20240818,20240929
新北市手工藝業職業工會,新北市,159678,皮革工藝製品班,47,32,12030,20240824,20241005
新北市手工藝業職業工會,新北市,159682,彩繪商品應用班,47,32,12030,20240824,20241005
台灣區電信工程工業同業公會,臺北市,159691,電信線路銅纜佈建進階班,24,24,5310,20240824,20240901
中華民國勞動災害防止協會附設台北職業訓練中心,新北市,159695,施工安全評估人員安全衛生教育訓練班,76,17,12000,20240820,20240921
臺北市仲介業職業工會,臺北市,159701,房仲文宣設計及法規實務班,28,20,5180,20240904,20241115
中華民國勞動災害防止協會附設台北職業訓練中心,新北市,159702,甲種職業安全衛生業務主管教育訓練班,42,17,7000,20240905,20241017
臺北市仲介業職業工會,臺北市,159704,勞資爭議與勞健保實務班,45,20,8460,20240903,20241029
臺北市仲介業職業工會,臺北市,159705,不動產經紀人業務訓練-民法與不動產估價班,90,20,14850,20240822,20240929
宜蘭縣職能培訓職業工會,宜蘭縣,159708,ChatGPT輔助辦公室應用班,90,20,14850,20240827,20241212
宜蘭縣職能培訓職業工會,宜蘭縣,159711,日語文法初級班,90,20,14850,20240903,20241219
基隆市手工藝製品業職業工會,基隆市,159713,日語會話實用班,48,18,6500,20240829,20241219
基隆市木工業職業工會,基隆市,159714,木工家具設計製作班,54,20,10670,20240907,20241102
基隆市木工業職業工會,基隆市,159716,榫卯家具實作班,54,25,11960,20240906,20241101
桃園市工業會,桃園市,159718,人資人員勞動法令與就業服務法令解析實務訓練班,54,30,7300,20240824,20241026
桃園市工業會,桃園市,159719,採購專業人員實務訓練班,36,20,6800,20240831,20241019
基隆市西點麵包製作業職業工會,基隆市,159720,點心製作班,54,20,10000,20240830,20241025
桃園市工業會,桃園市,159721,透過有效的內控制度設計及KPI管理提升經營績效班,30,20,5600,20240831,20241005
基隆市手工藝製品業職業工會,基隆市,159722,園藝作物與盆栽創意手作班,36,18,6800,20240911,20241127
桃園市工業會,桃園市,159724,辦公室文書整合AI應用訓練班,36,18,6770,20240903,20241017
桃園市工業會,桃園市,159725,企業內部講師訓練班,36,20,6800,20240907,20241012
基隆市飾品加工職業工會,基隆市,159726,家飾黏土小品盆栽藝術班,54,20,9670,20240902,20241028
社團法人中華兩岸全方位家庭發展協會,臺北市,159735,產後專業照顧服務人員培訓班,42,20,7190,20240824,20240908
基隆市工會聯盟總工會,基隆市,159736,喪禮服務訓練班,54,25,10080,20240824,20241026
基隆市飾品加工職業工會,基隆市,159737,日語會話應用班,48,18,6650,20240905,20241226
社團法人台灣安全衛生協會附設苗栗職業訓練中心,苗栗縣,159741,急救人員安全衛生教育訓練班,17,30,2120,20240905,20240911
中華整體美學交流協會,臺北市,159745,凝膠美甲彩繪進階實務班,54,16,12450,20240821,20241023
中華職人產業文化推廣協會,臺北市,159754,室內裝修工程管理核心技能班,54,25,8910,20240824,20241026
社團法人台灣美顏造型時尚協會,臺北市,159760,美指沙龍手部護理及凝膠彩繪造型技藝班,54,20,12470,20240824,20241019
基隆市勞動力援助人員職業工會,基隆市,159763,淨膚美學環保清潔用品及保養品實做班,54,20,10200,20240820,20241024
基隆市總工會,基隆市,159768,綠生活園藝創作實務班,54,20,12020,20240817,20241012
基隆市稅務記帳士從業人員職業工會,基隆市,159779,贈與稅及遺產稅資產規劃實務班,30,20,5660,20241201,20250105
基隆市總工會,基隆市,159780,中西料理風味班,54,18,11130,20240907,20241102
社團法人台灣職業訓練多元發展協會,臺北市,159783,商用韓語會話入門班,42,18,7960,20240903,20241210
社團法人台灣職業訓練多元發展協會,臺北市,159793,德語常用會話基礎班,42,18,7960,20240904,20241204
財團法人農業科技研究院,新竹市,159808,智慧農業無人機應用基礎班,36,30,8190,20240824,20240928
財團法人中華民國電腦技能基金會,新北市,159815,淨零碳規劃管理訓練班,47,30,8910,20240825,20240915
新北市汽車美容人員職業工會,新北市,159816,多元世代的領導與團隊發展實務班,28,20,5500,20240824,20240914
財團法人中國生產力中心,臺北市,159819,商務談判與問題協商實務班,36,30,6480,20240818,20241006
花蓮縣職業總工會,花蓮縣,159821,精緻伴手禮暨餅乾技能實務班,54,20,11100,20240826,20241023
臺北市動態藝術嘻哈文化業職業工會,臺北市,159830,Locking與MV舞蹈創意開發班,45,22,9350,20240820,20241015
臺北市專業職能教學人員職業工會,臺北市,159831,PYTHON設計基礎班,47,22,9750,20240825,20241006
臺北市動態藝術嘻哈文化業職業工會,臺北市,159832,嘻哈街舞POPPIN展演教學應用班,45,22,9380,20240815,20241007
臺灣傳統整復推拿員職業工會聯合總會,臺北市,159833,傳統整復推拿及腳底按摩保健班,128,25,16000,20240907,20241027
好學科技管理顧問有限公司附設職業訓練中心,桃園市,159834,Excel試算表實務應用班,49,20,7010,20240824,20241012
新北市職業總工會,新北市,159838,金屬線編織飾品實作班,90,25,17480,20240827,20241210
新北市職業總工會,新北市,159840,環保多媒材文創包裝設計班,42,25,8020,20240805,20240916
宜蘭縣指甲彩繪美容職業工會,宜蘭縣,159841,穿戴甲運用貼鑽設計初階班,98,22,22630,20240901,20241201
桃園市民有市場零售攤販職業工會,桃園市,159843,百元小吃料理班,90,25,18560,20240819,20241127
桃園市民有市場零售攤販職業工會,桃園市,159844,早午餐蔬食與港式點心料理班,84,25,17320,20240830,20241130
桃園市民有市場零售攤販職業工會,桃園市,159845,中式麵食加工發麵類技能班,92,25,18970,20240831,20241207
社團法人全國道教宮廟人才培訓協會,新北市,159847,陽宅磁場實務應用班,54,16,9350,20240810,20240907
基隆市園藝花卉業職業工會,基隆市,159853,微型園藝盆栽與造景班,54,25,10700,20240904,20241030
虹宇事業股份有限公司附設職業訓練中心,桃園市,159854,AI智能生成商業設計班,54,26,8910,20240908,20241103
社團法人宜蘭縣職能發展協會,宜蘭縣,159860,AutoCAD電腦工業製圖班,87,20,14350,20240820,20241127
中華知識管理協會,高雄市,159862,就業服務專業人員職能訓練班,35,22,6640,20240818,20240915
中國青年救國團,桃園市,159863,多益英文實務班,30,20,4950,20240903,20241112
社團法人台灣生活規劃術協會,臺中市,159867,銀髮生活規劃實務班,42,15,7340,20240907,20241019
中華民國全國總工會,臺中市,159869,無人機組裝暨穿越飛行訓練班,48,20,8490,20240831,20240922
中華民國全國總工會,臺中市,159870,蝶谷巴特創意造型拼貼班,45,22,8870,20240831,20241012
財團法人台灣產業職業能力發展中心,臺北市,159871,正念自我領導班,36,25,6480,20240831,20241012
財團法人和春文教基金會,高雄市,159875,提高行政效能運用ChatGPT實務班,47,25,9800,20240824,20241123
財團法人台灣產業職業能力發展中心,臺北市,159877,韓語閱讀寫作實戰班,36,25,6480,20240901,20241006
新北市骨節整復職業工會,臺北市,159882,傳統整復推拿實務A班,98,24,16180,20240810,20240929
新北市骨節整復職業工會,臺北市,159886,傳統整復推拿實務E班,45,24,8920,20240819,20241014
臺灣省女子美容商業同業公會聯合會,臺中市,159892,凝膠穿戴甲造型行銷班,78,20,15200,20240901,20241124
新北市布花完稿設計職業工會,新北市,159895,拼布美學設計實作進階班,47,29,12030,20240904,20241023
桃園市人力資源管理協會,桃園市,159905,會計基礎及租稅申報實務班,42,20,7930,20240907,20241019
臺北市教育局中小學產業工會,臺北市,159910,商務英語進階實用班,54,23,8690,20240826,20241007
臺北市教育局中小學產業工會,臺北市,159911,商務英語進階實用班,54,23,8690,20240826,20241007
全國美容美髮業產業工會,高雄市,159913,時尚剪吹造型實務班,98,20,22630,20240908,20241208
臺灣總工會,臺北市,159916,沙龍美甲凝膠彩繪與手部護理造型技法實務班,54,24,12470,20240825,20241027
臺灣總工會,臺北市,159917,快速剪髮職人培訓實務班,54,24,12450,20240831,20241026
社團法人桃園市原住民教育推廣協會,桃園市,159918,PMP專案管理實務應用班,54,26,8910,20240811,20240922
臺灣總工會,臺北市,159919,香氛調香製品實務班,66,24,14700,20240907,20241116
社團法人桃園市原住民教育推廣協會,桃園市,159920,室內設計與擬真渲染實務班,54,26,8910,20240817,20241012
社團法人桃園市原住民教育推廣協會,桃園市,159921,簡報製作與提案表達技巧實戰班,36,26,6660,20240903,20241017
臺灣證券期貨產業工會,臺北市,159927,財報基本面分析選股實務班,30,22,5500,20240812,20240911
臺灣證券期貨產業工會,臺北市,159928,股市策略化智能自動交易實務班,30,22,5500,20240813,20240912
臺灣證券期貨產業工會,臺北市,159929,股市投資技術分析實務班,30,22,5500,20240820,20240926
社團法人桃園市職訓教育協進會,桃園市,159930,AIGC社群媒體行銷設計班,54,26,8910,20240824,20241019
社團法人桃園市職訓教育協進會,桃園市,159931,WordPress網頁設計暨電商實戰班,54,26,8910,20240907,20241102
臺灣證券期貨產業工會,臺北市,159936,期貨選擇權交易實務專班,30,22,5500,20240909,20241021
新竹市視覺傳達企劃從業人員職業工會,新竹市,159938,攝影暨多媒體全方位實戰班,91,20,15000,20240825,20241117
社團法人中華民國體育促進會,苗栗縣,159940,全方位瑜珈人才訓練班,32,18,5900,20240813,20241203
社團法人台灣整體美國際交流協會,高雄市,159943,美甲技能實務班,98,25,22630,20240829,20241205
社團法人台灣整體美國際交流協會,高雄市,159944,美容技能實務班,98,20,22630,20240904,20241204
新竹市勞動力援助人員職業工會,新竹市,159945,園藝組合盆栽製作班,48,24,10290,20240830,20241018
高雄市理燙髮美容業職業工會,高雄市,159949,男士快剪造型實務班,98,20,22630,20240905,20241212
中華民國經絡鬆筋整體健康協會,臺北市,159952,被動式軟組職按摩與關節放鬆實作班,70,20,12090,20240903,20241105
中華民國經絡鬆筋整體健康協會,臺北市,159954,運動推拿保健班,77,22,13250,20240831,20241109
中華民國經絡鬆筋整體健康協會,臺北市,159955,運動推拿保健班,77,22,13240,20240901,20241110
中華民國經絡鬆筋整體健康協會,臺北市,159956,臉部及頭頸肩經絡調理班,39,22,7680,20240905,20241205
中華民國經絡鬆筋整體健康協會,臺北市,159957,傳統整復推拿技術員手法課程班,110,20,19050,20240902,20241230
台北市雙北市產業總工會,新北市,159961,3D列印積層製造工程培訓班,54,20,11800,20240908,20241103
台北市雙北市產業總工會,新北市,159966,時尚方塊型兩用包製作班,47,20,11000,20240821,20241009
宜蘭縣技職教育推廣協會,宜蘭縣,159967,皮品設計創作開版成型技術班,47,22,12020,20240814,20241002
宜蘭縣技職教育推廣協會,宜蘭縣,159968,園藝種子盆栽綠化與創意造景班,47,20,11580,20240824,20240928
高雄市理燙髮美容業職業工會附設職業訓練中心,高雄市,159970,美髮技能實務班,98,20,22630,20240904,20241204
高雄市理燙髮美容業職業工會附設職業訓練中心,高雄市,159971,美睫職場技能實務班,98,20,22630,20240910,20241217
宜蘭縣荖花荖葉包裝加工職業工會,宜蘭縣,159972,展場造景綠意植栽設計應用班,47,22,12020,20240816,20240930
宜蘭縣荖花荖葉包裝加工職業工會,宜蘭縣,159973,建築景觀綠化與植物造景配置班,47,20,12020,20240816,20240930
台灣省工商安全衛生協會附設中壢職業訓練中心,桃園市,159977,職業安全衛生管理人員訓練班,115,35,11680,20240829,20241023
台灣省工商安全衛生協會附設中壢職業訓練中心,桃園市,159978,荷重在一公噸以上之堆高機操作人員訓練班,34,30,4900,20240903,20240908
社團法人中華國際文創交流協會,新北市,159983,Python大數據資料分析實戰班,48,26,7060,20240907,20241109
社團法人桃園市職能應用發展協會,桃園市,159991,網路行銷實務班,35,24,6510,20240908,20241006
社團法人桃園市職能應用發展協會,桃園市,159992,PMP國際專案管理訓練班,47,25,8740,20240907,20241019
社團法人中華樂活數位教育協會,臺北市,159996,淨零碳規劃管理養成班,45,28,6980,20240901,20241215
社團法人台灣視覺創意設計協會,臺北市,160001,商業攝影實戰應用班,66,22,10800,20240820,20241114
花蓮縣皮件客製化服務產業工會,花蓮縣,160002,精品肩背包打版製作班,54,18,11800,20240803,20240921
基隆市幼兒托育業職業工會,基隆市,160005,和諧粉彩藝術指導講師班,42,20,8300,20240818,20241006
基隆市幼兒托育業職業工會,基隆市,160006,特殊產婦健康管理班,42,20,8950,20240901,20241020
新北市菸酒運銷業職業工會,新北市,160009,創意調酒應用實務班,36,20,8350,20240820,20241112
新北市菸酒運銷業職業工會,新北市,160010,調酒人才實務訓練班,36,20,8350,20240822,20241114
新北市餐飲業產業工會,新北市,160011,西點烘焙班,46,21,10900,20240827,20241015
新北市餐飲業產業工會,新北市,160012,手沖咖啡及拉花實務班,46,21,10900,20240817,20240928
新北市餐飲業產業工會,新北市,160014,早午餐輕食班,46,21,10890,20240905,20241024
新北市餐飲業產業工會,新北市,160018,創意調酒實務訓練班,44,20,10420,20240823,20241108
臺灣視覺傳達設計產業工會,臺北市,160020,平面廣告設計暨illustrator印刷實務班,54,19,8800,20240909,20241113
臺灣職能訓練產業工會,臺北市,160024,ESG永續經營碳盤查實務訓練班,33,25,6230,20240903,20241015
臺灣職能訓練產業工會,臺北市,160025,掌握股票全球趨勢投資理財實務班,45,25,8280,20240906,20241212
桃園市冰熱品暨烘焙製造職業工會,桃園市,160031,麵包與西點蛋糕烘焙技能班,90,25,18560,20240817,20241116
桃園市冰熱品暨烘焙製造職業工會,桃園市,160032,翻玩甜點烘焙及咖啡飲調技能班,84,25,17320,20240820,20241128
桃園市汽機車貨物運送職業工會,桃園市,160035,機車修護進階技術訓練班,96,25,21380,20240825,20241208
桃園市食材加工職業工會,桃園市,160036,台灣在地食材料理與醃漬加工進階班,96,25,19800,20240825,20241208
桃園市食材加工職業工會,桃園市,160037,果凍花藝術暨和菓子烘焙製作班,84,25,17320,20240901,20241201
社團法人中華現代紫微推廣學會,新竹市,160040,紫微職場應用管理實務班,30,20,5680,20240901,20241006
南投縣總工會,南投縣,160045,編織與印染小物手作班,54,25,11910,20240902,20241104
臺中市總工業會,臺中市,160053,人資勞動法令實務應用訓練班,36,23,6800,20240824,20240928
臺中市總工業會,臺中市,160054,財務會計職場實務運用班,36,28,5910,20240908,20241027
社團法人台灣創造活動發展協會,臺中市,160062,Youtube影音特效剪輯實務班,54,23,8910,20240817,20241012
社團法人台灣創造活動發展協會,臺中市,160063,AutoCAD精密機械設計製圖班,54,23,8910,20240825,20241027
社團法人台灣創造活動發展協會,臺中市,160064,電商攝影技巧與後製實戰班,54,23,8910,20240901,20241027
社團法人台灣職業訓練多元發展協會,臺中市,160069,輕奢法式V領連袖洋裝精工製作班,72,18,15850,20240831,20241130
彰化縣工業會,彰化縣,160073,財務報表閱讀與分析實務班,36,24,5990,20240817,20240928
彰化縣工業會,彰化縣,160074,職位能力評價與薪資設計規劃實務訓練班,30,20,5670,20240817,20241020
彰化縣工業會,彰化縣,160075,初級會計及基礎稅法實務班,21,20,3960,20240821,20241002
彰化縣工業會,彰化縣,160076,工廠生產品質管理實務訓練班,30,20,5670,20240824,20240921
社團法人台灣視覺創意設計協會,臺中市,160078,商業廣告影像編修暨Photoshop應用實務班,49,22,8000,20240824,20241005
全國工人總工會,彰化縣,160080,中餐烹調技能班,78,30,14500,20240822,20241121
全國工人總工會,彰化縣,160081,咖啡飲料調製技能班,54,30,10500,20240907,20241102
台中市飾品加工職業工會,臺中市,160082,創意皮雕創作手縫班,90,24,16300,20240905,20241219
台中市飾品加工職業工會,臺中市,160083,時尚皮革創作手縫班,90,24,16300,20240907,20241228
彰化縣米食製品從業人員職業工會,彰化縣,160084,韓式料理班,51,30,10000,20240827,20241224
彰化縣米食製品從業人員職業工會,彰化縣,160085,食物製備技能班,54,30,10500,20240828,20241225
臺中市皂類製作從業人員職業工會,臺中市,160086,皂類清潔製品與香氛商品翻製進階班,96,24,19650,20240828,20241211
台中市芳薰香植物精油服務人員職業工會,臺中市,160087,芳香精油技術進階班,90,24,18230,20240822,20241205
台中市人體彩繪從業人員職業工會,臺中市,160088,雙色噴槍美甲3D粉雕與行銷進階班,84,24,18000,20240903,20241210
國立雲林科技大學,臺中市,160089,證券與期貨智能交易實作A碩士學分班,54,35,8910,20240903,20250114
國立雲林科技大學,臺中市,160090,證券與期貨智能交易實作B碩士學分班,54,35,8910,20240904,20250108
臺中市不動產經紀人公會,臺中市,160093,不動產經紀人實務法規專班,112,20,12500,20240903,20241023
台中市美姿禮儀造型職業工會,臺中市,160098,凝膠美甲技術結合自媒行銷管理班,78,25,18000,20240829,20241128
台中市女子燙髮業職業工會,臺中市,160100,電棒整梳暨剪髮頭皮調理實務班,78,25,18000,20240821,20241113
同德學校財團法人南投縣同德高級中等學校附設職業訓練中心,南投縣,160106,歐式麵包烘焙實務班,35,25,7200,20240824,20240921
彰化縣美容美髮用品器材製造裝修職業工會,彰化縣,160107,美髮快剪造型與用品器材實務進階班,78,25,17800,20240818,20241110
社團法人中華育群人才技藝發展協會,臺中市,160109,韓語初級會話班,47,18,8690,20240821,20241016
社團法人中華現代紫微推廣學會,臺中市,160111,紫微職場應用管理實務班,30,20,5130,20240820,20241015
彰化縣職業工會總工會,彰化縣,160116,經典烘焙實務班,72,25,14800,20240815,20241112
彰化縣職業工會總工會,彰化縣,160117,中式米麵食實務班,72,25,14800,20240819,20241106
彰化縣職業工會總工會,彰化縣,160118,住宅環境風水應用實務班,54,25,8500,20240902,20241030
社團法人台灣多元人力資源發展協會,彰化縣,160119,西式創意料理班,54,30,10500,20241017,20250117
社團法人台灣社區活化協會,臺中市,160121,家事服務居家收納整理實務班,36,30,6220,20240908,20241124
社團法人台灣社區活化協會,臺中市,160122,新多益英文聽力閱讀模考加強班,36,27,5770,20240908,20241124
社團法人臺中市不動產仲介培訓協會,臺中市,160125,不動產營業員專業法令訓練班,30,23,5670,20240822,20240830
社團法人臺中市多益國際英語測驗協會,臺中市,160127,新多益題型解析實戰班,36,36,6730,20240829,20241121
彰化縣商業會,彰化縣,160131,小家電維修暨冷氣清潔實務班,42,25,8660,20240817,20240929
社團法人台灣跨界知能發展協會,臺中市,160138,美學花卉植栽設計班,66,25,14570,20240816,20241101
社團法人台灣公寓大廈暨物業管理發展協會,臺中市,160139,不動產經紀相關法規與估價實務班,51,21,8400,20240903,20241107
台北市流行音樂產業工會,臺北市,160140,流行音樂歌唱人員訓練班,71,24,11710,20240824,20241026
台北市流行音樂產業工會,臺北市,160141,國語正音、發聲訓練班,46,24,8690,20240816,20241122
社團法人彰化縣田尾公路花園協會,彰化縣,160142,園藝療癒應用實務班,42,32,9000,20240824,20241005
臺灣管理顧問業產業工會,臺中市,160145,品牌數位行銷經營策略班,36,20,6720,20240906,20241122
財團法人台中市私立林蘭生慈善基金會,臺中市,160148,樂齡溝通與長照資源結合應用班,42,25,6500,20240906,20241025
台北市電影電視演藝業職業工會,臺北市,160151,舞台主持表演實務訓練班,55,24,9070,20240825,20241020
台灣科學園區科學工業同業公會,臺中市,160152,國際貿易實務操作初階訓練班,30,20,5580,20240810,20240907
台灣科學園區科學工業同業公會,臺中市,160153,IATF16949:2016條文訓練與核心工具演練班,42,20,7680,20240907,20241019
宜蘭縣病患家事服務職業工會,宜蘭縣,160159,中餐烹調實務班,84,24,17300,20240819,20241021
宜蘭縣遊樂場所服務職業工會,宜蘭縣,160161,飲料調製實務班,54,24,11100,20240903,20241106
宜蘭縣遊樂場所服務職業工會,宜蘭縣,160162,西餐輕食料理班,84,24,17300,20240908,20241124
社團法人彰化縣培力學習協會,彰化縣,160170,犬貓照護行為與生活應用實務班,69,25,13000,20240826,20241111
社團法人中華美甲整體造型職能認證協會,臺中市,160171,沙龍流行凝膠與立體造型進階班,77,18,17780,20240909,20241118
新竹縣總工會,新竹縣,160172,拼布手作應用班,88,24,18000,20240831,20241130
社團法人台灣社區藝術與人文發展協會,桃園市,160173,文化觀光英文溝通與導覽解說班,33,19,5850,20240901,20241006
新竹縣總工會,新竹縣,160174,服飾製作修改班,84,24,14300,20240825,20241117
社團法人中華職能再造創業培訓推展協會,臺中市,160176,時尚美甲彩繪技能實務班,60,20,13740,20240820,20241029
社團法人臺中市不動產教育發展協會,臺中市,160183,不動產民法親屬與繼承實務班,45,22,8100,20240904,20241211
中華民國全國航空業總工會,臺中市,160189,飛機修護進階班,112,22,23280,20240818,20241117
臺北市產職業總工會,臺北市,160191,Podcast節目主持實務訓練班,55,24,9070,20240902,20241104
臺北市產職業總工會,臺北市,160193,廣播聲音實戰訓練班,40,24,7560,20240821,20241113
中華民國指甲彩繪美容職業工會聯合會,臺中市,160194,沙龍手部保養護理與凝膠美甲彩繪創作班,84,28,16600,20240825,20241124
臺北市影劇歌舞服務職業工會,臺北市,160196,影視、戲劇表演人員實戰班,52,24,8580,20240820,20241217
社團法人中華國際技能交流協會,臺中市,160198,企業淨零策略與碳排放管理實務訓練班,42,24,7720,20240822,20240926
臺北市糕餅業職業工會,臺北市,160200,中式麵食水調麵類技能班,64,36,12800,20240820,20240912
臺北市糕餅業職業工會,臺北市,160201,食尚禮盒班,48,36,9600,20240812,20240828
台中市仲介從業人員職業工會,臺中市,160205,不動產經紀人專業法令解析班,140,20,23100,20240831,20241103
台中市營建土木職業工會,臺中市,160208,自來水配管技術培訓班,48,20,10220,20240825,20241013
社團法人台中市物業管理協會,臺中市,160210,不動產地政士專業技能訓練班,47,20,8880,20240822,20241017
中國青年救國團,南投縣,160212,實用商務英文班,48,20,6000,20240827,20241217
中國青年救國團,南投縣,160213,職場英文會話及多益聽力班,48,20,6000,20240828,20241211
社團法人台灣公共職業訓練國際交流暨發展協會,臺中市,160215,新制多益英文聽力閱讀訓練班,36,22,6550,20240831,20241005
社團法人台灣公共職業訓練國際交流暨發展協會,臺中市,160216,財產繼承與分割過戶實務班,35,22,6400,20240905,20241003
中華民國體育運動舞蹈推廣協會,彰化縣,160221,摩登舞蹈訓練班,47,22,8390,20240821,20241211
中華民國體育運動舞蹈推廣協會,臺中市,160222,國際標準舞蹈訓練班,45,16,8460,20240905,20241219
社團法人中華民國體育促進會,臺中市,160225,國際標準舞訓練班,47,18,8880,20240819,20241214
社團法人中華民國體育促進會,彰化縣,160226,標準舞華爾滋訓練班,47,18,8880,20240823,20241213
彰化縣輔育人員職業工會,彰化縣,160227,職場英文輔導教學應用班,30,18,5660,20240906,20241115
社團法人中華多元技藝推廣協會,彰化縣,160228,經典歐式酵母麵包實務班,47,25,10700,20240817,20240928
社團法人中華多元技藝推廣協會,彰化縣,160229,藥膳月子食補及產婦照護培訓班,70,25,13860,20240817,20241019
社團法人中華多元技藝推廣協會,彰化縣,160230,手繪糖霜餅乾培訓班,47,25,10700,20240825,20241006
社團法人台灣手技研究培訓協會,桃園市,160236,傳統整復推拿實務班,80,23,13650,20240901,20241103
社團法人桃園市舞蹈運動協會,桃園市,160242,流行舞蹈訓練班,45,20,8450,20240816,20241129
社團法人中華育群人才技藝發展協會,桃園市,160243,西班牙語入門班,47,18,8910,20240901,20241020
社團法人中華育群人才技藝發展協會,桃園市,160244,室內裝修材料估算運用班,47,18,8910,20240902,20241216
中華民國港口總工會,新竹縣,160245,營業用動力小船駕駛訓練班,96,23,18100,20240831,20241024
社團法人中華整體美學教育協會,臺中市,160252,藝術美甲凝膠彩繪手足保養實務班,96,24,20880,20240817,20241130
中華民國經絡鬆筋整體健康協會,桃園市,160255,傳統整復推拿初級技術員課程(刮痧與拔罐)班,138,20,23860,20240903,20241217
中華民國經絡鬆筋整體健康協會,桃園市,160256,傳統整復推拿技術員手法課程班,110,20,19040,20240905,20241226
社團法人台中市慈宥關懷協會,臺中市,160257,精品咖啡烘焙萃取實務班,72,20,14630,20240907,20241123
社團法人台灣行動美容整體造型協會,臺中市,160260,彩妝技巧與美容保養進階班,90,20,16250,20240906,20241220
社團法人台灣職場技能協進會,臺中市,160262,韓語初階班,45,20,8410,20240906,20241029
社團法人中華活力職能發展協會,臺中市,160267,套房裝修與租賃管理實務班,35,22,6610,20240828,20240925
社團法人彰化縣終身學習職能協進會,彰化縣,160269,ChatGPT應用AI雲端辦公實務班,51,19,8410,20240828,20241007
社團法人台灣行業專業協會,臺中市,160271,職場聲音潛能開發及溝通力應用班,35,20,6640,20240817,20240914
社團法人台灣行業專業協會,臺中市,160272,咖啡烘焙杯測與下午茶製作入門班,42,15,9960,20240818,20240929
財團法人亞洲大學,臺中市,160280,美味糕點製作班,40,25,9450,20240828,20241030
中華職業技藝師資培育國際認證協會,桃園市,160284,咖啡調製訓練班,36,20,6500,20240824,20240928
社團法人中華芳香生活美學協會,桃園市,160286,芳香紓壓調理基礎班,108,20,24820,20240907,20241103
社團法人亞太流行時尚產業發展協會,桃園市,160291,流行花藝技藝班,54,30,12020,20240813,20241015
社團法人亞太流行時尚產業發展協會,桃園市,160292,芳香紓壓技能班,90,24,20780,20240824,20241130
台灣省電工器材業產業工會聯合會,新竹市,160295,日文初級班,33,25,6000,20240906,20241115
台灣省電工器材業產業工會聯合會,新竹市,160296,日文初級班,36,25,6310,20240902,20241118
桃園市指甲彩繪美容技藝職業工會,桃園市,160299,芳香調理技藝班,90,24,20780,20240902,20241209
新竹縣勞動力服務人員職業工會,新竹縣,160301,收納整理與空間佈置實務班,36,22,6800,20240831,20241005
新竹縣勞動力服務人員職業工會,新竹縣,160302,N4日本語聽力口說基礎班,42,22,7930,20240907,20241019
社團法人中華民國珠寶金飾研究會,桃園市,160304,3D列印珠寶建模設計班,47,30,11980,20240824,20241005
社團法人中華易經管理發展協會,桃園市,160307,易經釋卦與職場經營智慧運用班,24,30,4440,20240911,20241030
社團法人中華髮學苑交流協會,桃園市,160315,男女剪髮設計應用實務班,78,23,14350,20240817,20241109
社團法人台灣公共職業訓練國際交流暨發展協會,桃園市,160316,新制多益英文聽力閱讀訓練班,36,22,6480,20240824,20240928
社團法人台灣新活力促進協會,新竹市,160321,觀光韓語會話訓練班,33,23,5440,20240902,20241111
社團法人台灣新活力促進協會,新竹市,160322,觀光日語會話訓練班,33,23,5440,20240906,20241115
社團法人桃園市中華照護職能發展協會,桃園市,160325,經絡保健促進班,42,20,8300,20240831,20241019
社團法人桃園市中華照護職能發展協會,新竹縣,160326,健康照護經絡保健班,42,20,8300,20240825,20241013
新竹縣各業工人聯合會職業工會,新竹市,160332,創意毛線編織班,64,20,13820,20240824,20241026
新竹縣保育人員職業工會,新竹縣,160334,產後照護人才訓練班,72,18,12450,20240825,20241110
新竹縣保育人員職業工會,新竹縣,160336,嬰幼兒照顧技巧培訓A班,28,14,5310,20240820,20240829
社團法人中華樂活數位教育協會,新竹縣,160341,AI生成式數位工具應用班,30,26,5420,20240906,20241115
財團法人中華民國勞工教育研究發展中心,桃園市,160347,實用英語會話與日常應用班,51,21,8410,20240830,20241227
苗栗縣總工會,苗栗縣,160349,客家文創藍染美學應用實作班,42,18,9500,20240819,20241104
苗栗縣總工會,苗栗縣,160350,芳香照護實務技能應用班,42,18,10000,20240822,20241128
苗栗縣總工會,苗栗縣,160351,蝶谷巴特拚貼藝術實作班,36,18,8200,20240821,20241106
苗栗縣總工會,苗栗縣,160352,景觀園藝創意實作班,36,18,8000,20240906,20241122
大葉大學,彰化縣,160353,烘焙伴手禮實作班,24,20,4320,20240904,20241023
社團法人中華易經管理發展協會,臺中市,160356,易經釋卦與職場經營智慧運用班,24,24,4440,20240909,20241028
社團法人中華職能創新發展協會,臺中市,160359,家事收納與空間管理技巧實作班,36,25,6200,20240819,20240930
社團法人彰化縣體育運動舞蹈協會,彰化縣,160362,肌力有氧舞蹈及墊上瑜珈訓練班,45,30,8460,20240821,20241127
社團法人臺中市直轄市新娘秘書協會,臺中市,160366,美容實務自媒體行銷班,66,20,12300,20240828,20241106
社團法人臺中市紅十字會,臺中市,160367,初級救護技術員訓練班,41,22,7750,20240907,20240922
社團法人臺灣養生創意美食發展協會,臺中市,160371,中式烘焙點心班,78,25,16070,20240903,20241217
社團法人臺灣養生創意美食發展協會,臺中市,160372,農產加工加值班,78,25,16080,20240904,20241218
社團法人職場健康發展協會,臺中市,160373,新世代主管領導與管理能力訓練班,18,24,3330,20240907,20240928
彰化縣舞蹈業職業工會,彰化縣,160384,社交舞花步舞蹈訓練班,63,22,10080,20240820,20241107
彰化縣職業勞工總工會,彰化縣,160388,多媒材創意彩繪應用班,54,18,11000,20240819,20241023
中華民國全國縫紉業總工會,彰化縣,160389,布精藝手作拼布班,78,25,15600,20240826,20241128
彰化縣西服服飾業職業工會,彰化縣,160390,拼布實務班,96,18,20180,20240824,20241221
彰化縣職業總工會,彰化縣,160393,主題式造型氣球應用班,54,18,11000,20240822,20241029
彰化縣職業總工會,彰化縣,160394,珠寶翡翠鑑定訓練班,54,18,9300,20240828,20241225
彰化縣職業總工會,彰化縣,160395,國標舞華爾滋及捷舞舞蹈訓練班,54,22,9200,20240831,20241228
彰化縣職業總工會,彰化縣,160396,手縫實用皮革訓練班,54,18,11900,20240905,20241112
社團法人中華國際專業職能教育訓練鑑定協會,彰化縣,160401,專業沙龍造型及頭皮養護進階實務班,78,20,18010,20240905,20241205
社團法人南投縣手工藝發展協會,南投縣,160402,輕手感鉤針織品班,70,30,11050,20240825,20241027
社團法人南投縣技職教育協會,南投縣,160409,電商平台架設與社群行銷經營班,42,25,7900,20241207,20250111
社團法人南投縣技職教育協會,南投縣,160410,西點烘焙實作班,49,30,10100,20240906,20241018
彰化縣職訓教育協會,彰化縣,160415,OFFICE文書處理與應用整合實務班,66,20,10890,20240904,20241118
社團法人台中市企業講師協會,臺中市,160420,TTQS企業機構版指標課程班,24,20,4420,20240820,20240912
社團法人台中市企業講師協會,臺中市,160421,精準說話表達技巧訓練班,24,20,4550,20240826,20240918
南投縣農產品服務職業工會,南投縣,160432,手工編織實務班,54,24,10760,20240820,20241022
社團法人桃園市體育促進會,桃園市,160445,倫巴舞蹈訓練班,36,17,6810,20240820,20241119
社團法人桃園市體育促進會,桃園市,160446,拉丁舞蹈訓練班,36,17,6810,20240822,20241114
社團法人桃園市體育促進會,桃園市,160447,摩登舞蹈訓練班,36,17,6820,20240823,20241122
社團法人桃園市體育促進會,桃園市,160448,拉丁舞蹈訓練班,36,15,6810,20240827,20241126
彰化縣基督教青年會,彰化縣,160449,實用日文基礎班,30,20,5650,20240830,20241101
彰化縣基督教青年會,彰化縣,160450,實用英文會話進階班,30,20,5650,20240905,20241114
社團法人臺中市西區大忠社區發展協會,臺中市,160457,手沖咖啡品鑑與調製實作班,47,20,11140,20240824,20241005
財團法人水源地文教基金會,臺中市,160458,護膚與淨膚保養品實作班,42,24,10740,20240831,20241012
健行學校財團法人健行科技大學,桃園市,160470,Chat GPT應用實務班,42,20,6720,20240817,20240928
健行學校財團法人健行科技大學,桃園市,160471,AI應用實務入門班,42,20,6630,20240818,20240929
財團法人中華花藝研究推廣基金會,臺中市,160472,基礎花藝與商業運用班,48,28,9860,20240906,20241108
財團法人中華花藝研究推廣基金會,臺中市,160473,植物美學組合盆栽班,48,28,9790,20240908,20241201
社團法人台灣健康美學發展協會,新竹縣,160476,潮流時尚巧拼方包開版實務班,56,24,12470,20240825,20241027
苗栗縣運動舞蹈職業工會,苗栗縣,160478,全方位拉丁舞進階班,47,18,8880,20240802,20241122
苗栗縣運動舞蹈職業工會,苗栗縣,160479,運動舞蹈訓練班,45,18,8300,20240803,20241123
苗栗縣運動舞蹈職業工會,苗栗縣,160481,流行MV舞蹈訓練班,30,18,5670,20240815,20241128
南投縣小吃業職業工會,南投縣,160482,古早味麵包烘焙班,60,24,10930,20240823,20241108
社團法人苗栗縣體育促進會,苗栗縣,160487,肚皮舞訓練班,34,18,6350,20240905,20250102
台中市美容業職業工會,臺中市,160491,美睫造型實作技能實務班,48,24,8100,20240902,20241021
台中市美容業職業工會,臺中市,160492,全身美體按摩技能實務班,48,24,9200,20240911,20241030
南投縣芳薰香植物精油服務人員職業工會,南投縣,160493,植物精油調香紓壓保健班,75,24,17320,20240825,20241124
新竹縣產職企業總工會,新竹縣,160496,水電裝修維護班,47,18,10320,20240824,20241012
新竹縣複合餐飲人員職業工會,新竹縣,160498,咖啡職人培訓班,42,18,8760,20240901,20241020
臺中市職業總工會,臺中市,160500,旅遊日語會話班,54,20,8910,20240826,20241028
中華產業人才認證學會,桃園市,160504,職場性騷擾與不法侵害調查實務解析班,24,18,4530,20240921,20241005
中華產業人才認證學會,桃園市,160506,Excel完整入門技巧與AI智慧應用班,45,20,8500,20240909,20241031
中華產業人才認證學會,桃園市,160507,新制多益英文聽力閱讀訓練班,45,20,8500,20240910,20241224
中華民國安全衛生職能發展協會附設桃園職業訓練中心,桃園市,160518,荷重在一公噸以上之堆高機操作人員訓練班,43,27,8130,20240820,20240901
桃園市廢金屬處理職業工會,桃園市,160519,珠寶金工琺瑯飾品進階班,90,22,18550,20240901,20241124
社團法人中華民國瑜伽舞蹈養生協會,桃園市,160520,健身舞蹈人才培訓實務班,36,20,6620,20240831,20241130
社團法人中華民國瑜伽舞蹈養生協會,桃園市,160521,瑜珈教學人員應用實務班,36,20,6620,20240901,20241124
社團法人中華民國瑜伽舞蹈養生協會,桃園市,160522,寶萊塢有氧舞蹈訓練班,48,20,7680,20240901,20241222
社團法人中華民國瑜伽舞蹈養生協會,桃園市,160523,心肺有氧與運動按摩實務班,36,20,6620,20240903,20241203
社團法人中華民國瑜伽舞蹈養生協會,桃園市,160524,流行MV舞派對有氧A班,36,20,6620,20240905,20241128
社團法人中華民國瑜伽舞蹈養生協會,新竹市,160525,流行MV舞派對有氧B班,30,20,5200,20240911,20241218
社團法人中華民國瑜伽舞蹈養生協會,新竹市,160526,捷舞舞蹈人才訓練班,36,20,5920,20240911,20241127
台中市體育運動教練職業工會,臺中市,160527,健身運動體適能實務班,30,20,5690,20240907,20241005
社團法人中華攝影師技能教育協會,臺中市,160533,手機動態錄影影音製作班,42,20,7960,20240817,20241005
國立高雄大學,臺中市,160536,Excel應用實務班,48,25,7200,20240910,20241107
中華民國體育運動舞蹈推廣協會,桃園市,160537,拉丁有氧舞蹈訓練班,36,17,6800,20240831,20241207
中華民國體育運動舞蹈推廣協會,桃園市,160538,倫巴舞蹈訓練班,36,17,6800,20240902,20241202
大臺中歌舞藝能服務人員職業工會,臺中市,160542,爵士鼓班,54,25,9010,20240819,20241021
社團法人中華國際職業美學協會,桃園市,160544,凝膠彩繪美甲班,144,20,19290,20240817,20241124
中華民國傳統整復推拿師職業工會全國聯合總會,臺中市,160546,傳統整復推拿班,112,26,18000,20240901,20241201
台中市公寓大廈管理服務職業工會,臺中市,160549,綠能公寓大廈事務人員班,48,30,8310,20240913,20241018
臺中市保安支援服務人員職業工會,臺中市,160553,水上摩托車與充氣式救生艇IRB搜救支援人員操作班,70,22,13800,20240831,20241006
臺灣總工會附設職業訓練中心,臺中市,160555,皮夾與皮包烙畫手作班,66,25,14560,20240907,20241116
國立臺北商業大學,臺中市,160560,顧問式神秘客培訓班,24,20,4540,20240907,20240909
中華民國汽車保養商業同業公會全國聯合會,彰化縣,160565,中古車況鑑定技能訓練班,18,18,4590,20240825,20240922
中華民國汽車保養商業同業公會全國聯合會,彰化縣,160566,電動車維修及保養基礎實務班,18,20,4600,20240901,20240929
臺灣總工會,臺中市,160568,手機影像行銷技巧班,48,25,7400,20240824,20241019
臺灣總工會,臺中市,160569,皮革編織包打版製作班,66,25,12040,20240827,20241112
社團法人桃園市中小企業服務協會,桃園市,160575,企業稅務及電子化申報操作及最新法令運用實務班,24,28,4550,20240810,20240831
社團法人桃園市中小企業服務協會,桃園市,160577,記帳士會計學概要及記帳相關法規班,68,26,11220,20240818,20241110
社團法人桃園市中小企業服務協會,桃園市,160579,會計事務技術與運用實務班,45,21,8530,20240827,20241029
社團法人中華兩岸訓練品質管理交流協會,臺中市,160580,Photoshop影像處理實務應用班第01期,42,20,7770,20240825,20241006
社團法人桃園市中小企業服務協會,桃園市,160582,就業服務技術及勞動法令運用實務班,48,20,7920,20240907,20241102
社團法人桃園市天韻音樂協會,桃園市,160584,流行音樂古箏彈奏實務班,72,20,11990,20240907,20241123
社團法人桃園市天韻音樂協會,桃園市,160585,流行音樂二胡拉弦演奏班,72,20,11520,20240908,20241124
社團法人新竹市職訓教育協會,新竹市,160586,新多益聽力及閱讀訓練班,45,22,8500,20240906,20241101
社團法人新竹市職訓教育協會,新竹市,160591,Illustrator ＆ Photoshop視覺設計與影像整合訓練班,45,16,8500,20240825,20241027
社團法人中華國際文創交流協會,臺中市,160596,職場新多益聽力閱讀訓練班,36,28,5700,20240831,20241116
桃園市電腦商業同業公會,桃園市,160599,Power BI ＆ ChatGPT活用商業數據應用班,42,21,7700,20240907,20241102
桃園市職能服務職業工會,桃園市,160601,歐式花藝職能美學創作班,42,20,10710,20240906,20241206
桃園市職能服務職業工會,桃園市,160605,韓語基礎實務應用會話班,39,20,7370,20240907,20241124
桃園市職能服務職業工會,桃園市,160608,皮件商品風格設計創作實務班,80,20,17820,20240908,20241110
桃園市中餐服務人員職業工會,桃園市,160609,宴會派對點心班,73,25,15000,20240831,20241123
桃園市中餐服務人員職業工會,桃園市,160610,中餐烹調進階班,105,25,21000,20240908,20250105
桃園市中餐服務人員職業工會,桃園市,160611,西點蛋糕專修班,91,25,18000,20240910,20241210
中華民國經絡鬆筋整體健康協會,臺中市,160614,傳統整復推拿初級技術員課程(刮痧與拔罐)班,138,20,23850,20240831,20241215
中華民國經絡鬆筋整體健康協會,南投縣,160615,經絡調理手技與牛角輔具應用課程班,97,25,16800,20240831,20241214
財團法人中國生產力中心附設中區服務處,臺中市,160617,業務幹部管理領導與市場銷售關鍵策略班,36,20,6800,20240831,20241019
財團法人中國生產力中心附設中區服務處,臺中市,160618,油壓控制迴路設計訓練班,48,18,7920,20240904,20241014
財團法人中國生產力中心附設中區服務處,臺中市,160619,Python程式設計與應用基礎班,48,20,7920,20240907,20241102
社團法人中華專業講師協會,臺中市,160625,聲音表達與表演訓練班,30,25,6230,20240903,20241008
社團法人中華勞動人才發展協會,臺中市,160629,日文─N4能力提昇班,36,21,6830,20240831,20241012
社團法人中華勞動人才發展協會,臺中市,160630,日文─N5訓練班,36,21,6830,20240831,20241012
社團法人中華勞動人才發展協會,臺中市,160631,日文─N4訓練班,36,21,6830,20240901,20241013
社團法人中華勞動人才發展協會,臺中市,160632,日文─N5能力提昇班,36,21,6830,20240901,20241013
社團法人彰化縣餐飲協會,彰化縣,160634,烘焙麵包技能班,54,30,10500,20240821,20241218
社團法人彰化縣餐飲協會,彰化縣,160635,日式食堂料理班,54,30,10500,20240826,20241223
社團法人彰化縣餐飲協會,彰化縣,160636,甜點蛋糕實務班,51,30,10000,20240827,20241224
社團法人彰化縣餐飲協會,彰化縣,160637,素食宴客料理班,54,30,10350,20240828,20241225
國立勤益科技大學,臺中市,160640,人因工程學士學分班,54,25,7500,20240908,20250105
國立勤益科技大學,臺中市,160641,工業通風學士學分班,54,25,7500,20240908,20250105
國立勤益科技大學,臺中市,160642,作業環境控制工程學士學分班,54,25,7500,20240908,20250105
社團法人台灣租賃住宅市場發展及管理協會,桃園市,160643,租賃住宅管理實務班,42,20,7500,20240831,20241026
社團法人中華國際美容技能暨生活美學鑑定發展協會,彰化縣,160645,花式美甲凝膠彩繪創意雕塑進階班,78,20,18010,20240823,20241115
財團法人鞋類暨運動休閒科技研發中心,臺中市,160650,手提包設計開發實務班,54,20,12020,20240824,20241019
財團法人鞋類暨運動休閒科技研發中心,臺中市,160651,多功能真皮包款機縫班,54,20,12020,20240907,20241102
社團法人中華民國訓練品質管理協會,臺中市,160654,無人多旋翼機專業應用班,24,20,4510,20240901,20240922
新竹縣職能培訓協會,新竹市,160659,東歐花藝美學班,47,24,11640,20240819,20241209
新竹縣職能培訓協會,新竹市,160660,池坊日式花藝班,47,24,11640,20240821,20241204
社團法人彰化縣身心障礙者無障礙發展協會,彰化縣,160661,多元皮件技法製作訓練班,48,22,9970,20240901,20241020
臺中市職業總工會,臺中市,160664,泥作工程基礎技術訓練班,54,24,12020,20241005,20241130
新竹市中餐服務人員職業工會,新竹市,160666,客家餐飲訓練班,54,25,11130,20240809,20241004
社團法人臺中市生活藝能美學協進會,臺中市,160667,鑲嵌玻璃工藝班,52,30,11500,20240828,20241120
社團法人臺中市生活藝能美學協進會,臺中市,160668,藝術果凍花專業職能班,48,30,9900,20240902,20241125
社團法人臺中市生活藝能美學協進會,臺中市,160669,禪繞畫美學繪圖應用班,40,15,8340,20240903,20241112
新竹市芳療整體保養職業工會,新竹市,160670,時尚沙龍美甲實務班,84,22,19250,20240825,20241124
修平學校財團法人修平科技大學,臺中市,160671,車輛維修技術實務班,54,20,10910,20240828,20241031
社團法人中華勞動人才發展協會,桃園市,160672,日文─N5訓練班,36,20,6740,20240814,20241002
銘傳大學,桃園市,160676,威化花工藝實務班,54,30,9700,20240901,20241027
